Seq_ID,DESI_ID,nseqs,sobs,chao,chao_lci,chao_hci,ace,ace_lci,ace_hci,invsimpson,invsimpson_lci,invsimpson_hci,npshannon,coverage,shannon,shannon_lci,shannon_hci
G001,188,1333,4,4.5,4.030262,12.261169,7,4.652242,17.798569,1.00603,1.000175,1.011953,0.032825,0.9985,0.023547,0.00334,0.043754
G002,424,1333,4,4.5,4.030262,12.261169,7,4.652242,17.798569,1.00603,1.000175,1.011953,0.032825,0.9985,0.023547,0.00334,0.043754
G004,112,1333,5,5.5,5.030262,13.261169,6.786667,5.193148,21.527141,1.010585,1.002815,1.018477,0.049481,0.9985,0.039509,0.014061,0.064958
G005,15,1333,14,21,15.340979,50.540456,54.301406,30.993331,109.578867,1.153589,1.121651,1.1874,0.390824,0.994749,0.362296,0.302741,0.42185
G006,248,1333,14,28,16.920488,81.112081,83.841269,50.017386,149.429117,1.235618,1.195192,1.278875,0.479005,0.993998,0.448923,0.390005,0.50784
G007,322,1333,14,17,14.39133,36.998494,18.157127,14.820734,35.056394,2.896058,2.808186,2.989608,1.216995,0.996999,1.200988,1.156697,1.245279
G008,442,1333,3,3,3,0,4.854595,3.229663,17.976415,1.015138,1.005855,1.024594,0.050476,0.99925,0.046616,0.022243,0.070989
G009,462,1333,12,21.333333,13.937063,56.970717,32,15.457745,127.682332,1.741226,1.680805,1.806153,0.701903,0.993998,0.67165,0.632826,0.710475
G010,85,1333,2,2,2,0,0,0,0,1.001503,0.998582,1.00444,0.010034,0.99925,0.006148,-0.004478,0.016773
G011,111,1333,7,9,7.249903,23.006186,13,9.052146,24.542611,1.012114,1.003792,1.020576,0.065588,0.996999,0.047085,0.018563,0.075608
G012,200,1333,6,7.5,6.149231,21.077277,21.03625,10.878813,52.340951,1.019768,1.009115,1.030648,0.079428,0.997749,0.066356,0.035304,0.097408
G013,366,1333,10,12.5,10.368021,26.982713,15,12.851187,18.768279,1.021342,1.01024,1.032691,0.104926,0.996249,0.080423,0.04381,0.117036
G014,323,1333,8,8.25,8.013038,12.793627,9.666667,8.52219,13.31948,1.065766,1.045861,1.086444,0.193303,0.9985,0.181207,0.135766,0.226647
G015,532,1333,7,8,7.072542,20.78512,8.032216,7.103595,17.284947,1.043298,1.027303,1.0598,0.142939,0.9985,0.13512,0.093112,0.177128
G016,425,1333,2,2,2,0,0,0,0,1.001503,0.998582,1.00444,0.010034,0.99925,0.006148,-0.004478,0.016773
G017,190,1333,5,5.5,5.030262,13.261169,7.222222,5.251778,24.613623,1.012108,1.003794,1.020562,0.053537,0.9985,0.043965,0.017559,0.070372
G018,36,1333,5,6.5,5.149231,20.077277,11,5.891606,45.376578,1.007546,1.000992,1.014186,0.042837,0.997749,0.029693,0.00688,0.052505
G019,199,1333,9,11,9.249903,25.006186,13.444444,9.773869,34.525099,1.024437,1.012542,1.036615,0.106949,0.996999,0.087705,0.050576,0.124834
G020,441,1333,6,7.5,6.149231,21.077277,10.5625,6.627919,39.151425,1.013638,1.004806,1.022627,0.063533,0.997749,0.050109,0.021671,0.078546
G021,533,1333,3,4,3.077375,15.924098,0,0,0,1.003009,0.998876,1.007176,0.020061,0.9985,0.012295,-0.002725,0.027314
G022,103,1333,2,2,2,0,0,0,0,1.001503,0.998582,1.00444,0.010034,0.99925,0.006148,-0.004478,0.016773
G023,365,1333,8,14,8.9584,45.5626,13.711111,8.942709,42.598996,1.02443,1.012541,1.036601,0.102113,0.996999,0.085285,0.04929,0.121279
G024,35,1333,8,11.333333,8.503451,30.06988,16.75,10.427616,39.538148,1.013644,1.004805,1.022641,0.075578,0.996249,0.053229,0.022818,0.083639
G025,86,1333,1,1,1,1,0,0,0,1,1,1,0,1,0,0,0
G026,104,1333,2,2,2,0,0,0,0,1.001503,0.998582,1.00444,0.010034,0.99925,0.006148,-0.004478,0.016773
G027,22,1333,5,5.5,5.030262,13.261169,8,5.569395,20.806245,1.48234,1.427755,1.541265,0.53222,0.9985,0.523694,0.488598,0.558789
G028,17,1333,18,23,18.864775,46.909245,23.690103,19.245261,44.000378,1.305111,1.256002,1.358215,0.647098,0.995499,0.623088,0.55045,0.695726
G029,321,1333,10,20,11.917151,62.160726,25.379008,15.289788,54.711413,1.095715,1.071296,1.121273,0.266897,0.996249,0.248262,0.19671,0.299815
G030,313,1333,21,23.5,21.409254,36.271686,25.801782,22.157561,40.918697,1.140273,1.109634,1.172652,0.426853,0.995499,0.395548,0.326163,0.464933
G031,581,1333,2,2,2,0,0,0,0,1.001503,0.998582,1.00444,0.010034,0.99925,0.006148,-0.004478,0.016773
G032,108,1333,18,63.5,30.085622,189.298583,177.781266,86.350893,391.51455,1.907153,1.851127,1.966677,0.808294,0.989497,0.759655,0.716245,0.803065
G033,443,1333,3,4,3.077375,15.924098,0,0,0,1.003009,0.998876,1.007176,0.020061,0.9985,0.012295,-0.002725,0.027314
G034,351,1333,11,32,16.135936,96.865554,0,0,0,2.303577,2.235329,2.376125,0.996886,0.994749,0.974707,0.932204,1.01721
G035,91,1333,17,19,17.249903,33.006186,19.482463,17.427425,31.418013,2.065493,1.970059,2.170645,1.052483,0.996999,1.035123,0.972335,1.097912
G036,250,1333,8,8,8,8,8,8,8,1.104515,1.078772,1.131516,0.275673,1,0.272572,0.218981,0.326162
G037,249,1333,4,4,4,4,4,4,4,1.024385,1.01254,1.03651,0.077236,1,0.074994,0.044033,0.105956
G038,579,1333,8,9.5,8.149231,23.077277,11.265099,8.462802,31.03548,1.040096,1.024745,1.055913,0.139444,0.997749,0.126048,0.084985,0.167111
G039,34,1333,4,7,4.373525,28.094805,0,0,0,1.004518,0.999451,1.009636,0.030082,0.997749,0.018441,5.50E-05,0.036828
G040,423,1333,4,7,4.373525,28.094805,0,0,0,1.004518,0.999451,1.009636,0.030082,0.997749,0.018441,5.50E-05,0.036828
G041,16,1333,12,19.5,13.32254,54.5318,20.971154,13.704492,59.217344,1.092294,1.068375,1.117307,0.268563,0.995499,0.243286,0.191261,0.295312
G042,189,1333,2,2,2,0,0,0,0,1.001503,0.998582,1.00444,0.010034,0.99925,0.006148,-0.004478,0.016773
G043,198,1333,2,2,2,2,2,2,2,1.004515,0.999456,1.009625,0.016685,1,0.015969,0.000431,0.031507
G044,408,1333,8,8.6,8.050626,15.11091,10.625,9.248838,13.517629,1.016712,1.006914,1.026703,0.081089,0.997749,0.063433,0.030827,0.096039
G045,534,1333,4,7,4.373525,28.094805,0,0,0,1.004518,0.999451,1.009636,0.030082,0.997749,0.018441,5.50E-05,0.036828
G046,364,1333,6,9,6.39133,28.998494,16,7.126442,94.775079,1.009066,1.001877,1.016359,0.052842,0.996999,0.035837,0.010692,0.060982
G047,410,1333,5,5.5,5.030262,13.261169,6.786667,5.193148,21.527141,1.010585,1.002815,1.018477,0.049481,0.9985,0.039509,0.014061,0.064958
G048,33,1333,4,4,4,4,4,4,4,1.010584,1.002815,1.018474,0.042234,1,0.038469,0.013858,0.063081
G049,201,1333,9,14,9.777869,41.13908,24,10.342299,176.622885,1.672317,1.594608,1.757989,0.774089,0.996249,0.755907,0.70728,0.804535
G050,79,1333,9,15,9.954877,46.701174,15.840816,10.015773,55.070126,1.673402,1.60935,1.742763,0.688053,0.996999,0.673445,0.630153,0.716737
G051,317,1333,18,23.6,19.15542,45.141645,26.265951,20.152924,49.736347,1.06115,1.041881,1.081145,0.245921,0.993998,0.208406,0.152652,0.26416
G052,416,1333,4,5,4.075339,17.273425,12.892857,6.114914,41.392969,1.013622,1.004811,1.022589,0.052832,0.9985,0.04509,0.019824,0.070356
G053,557,1333,6,12,6.967351,43.21504,0,0,0,1.732412,1.674727,1.794213,0.646217,0.996999,0.632534,0.603945,0.661123
G054,564,1333,5,5.5,5.030262,13.261169,8,5.569395,20.806245,1.03835,1.023446,1.053695,0.113674,0.9985,0.104518,0.07042,0.138616
G055,182,1333,18,19.5,18.149231,33.077277,19.789495,18.276369,29.587011,2.213264,2.09664,2.343627,1.207546,0.997749,1.195273,1.1261,1.264447
G056,184,1333,25,34,27.002307,65.453337,41.057105,31.504834,64.636768,2.483462,2.394085,2.579771,1.239603,0.993248,1.206199,1.139971,1.272427
G057,433,1333,11,21.5,13.03458,65.188088,28.792727,14.323353,106.259568,1.770612,1.710903,1.83464,0.706387,0.994749,0.680402,0.642903,0.7179
G058,453,1333,44,63.090909,50.65567,98.759748,73.343026,56.127616,114.996079,2.14103,2.052351,2.237718,1.213261,0.984246,1.130067,1.052025,1.208109
G059,31,1333,1,1,1,1,0,0,0,1,1,1,0,1,0,0,0
G060,52,1333,39,46.857143,40.961855,70.467512,48.427273,41.984226,68.781085,2.844212,2.66385,3.05077,1.710939,0.991748,1.669649,1.583752,1.755547
G061,261,1333,25,38.2,28.443297,75.60266,63.130821,43.884785,101.991056,1.185145,1.148914,1.223736,0.540646,0.990998,0.49172,0.416789,0.566652
G062,191,1333,4,4.5,4.030262,12.261169,7,4.652242,17.798569,1.00603,1.000175,1.011953,0.032825,0.9985,0.023547,0.00334,0.043754
G063,221,1333,20,27,21.451873,53.749509,29.286685,22.440597,55.336655,1.221601,1.181781,1.264199,0.528273,0.993998,0.493144,0.424511,0.561777
G064,28,1333,3,3,3,3,3,3,3,1.006029,1.000176,1.01195,0.025556,1,0.022507,0.003367,0.041647
G065,414,1333,6,9,6.39133,28.998494,16,7.126442,94.775079,1.009066,1.001877,1.016359,0.052842,0.996999,0.035837,0.010692,0.060982
G066,316,1333,1,1,1,1,0,0,0,1,1,1,0,1,0,0,0
G067,11,1333,11,11.166667,11.007732,14.592504,12.434286,11.197112,21.436568,1.420763,1.366966,1.478968,0.568985,0.9985,0.553648,0.503038,0.604259
G068,137,1333,11,11.2,11.009808,15.078437,12.673752,11.245479,22.41214,1.056192,1.03781,1.075237,0.193035,0.9985,0.178535,0.129294,0.227775
G069,556,1333,8,8.5,8.030262,16.261169,11.394923,8.652406,25.66614,1.26793,1.22499,1.31399,0.457507,0.9985,0.448721,0.39617,0.501272
G070,428,1333,3,3,3,0,0,0,0,1.032053,1.018492,1.04598,0.087863,0.99925,0.084035,0.05476,0.113309
G071,542,1333,6,16,7.938854,57.576857,0,0,0,1.007547,1.000991,1.01419,0.050101,0.996249,0.030733,0.007018,0.054447
G072,176,1333,1,1,1,1,0,0,0,1,1,1,0,1,0,0,0
G073,487,1333,9,16.5,10.32254,51.5318,30,10.642281,277.528973,1.562426,1.504278,1.625249,0.603966,0.995499,0.58166,0.54316,0.620161
G074,76,1333,2,2,2,0,0,0,0,1.001503,0.998582,1.00444,0.010034,0.99925,0.006148,-0.004478,0.016773
G075,225,1333,2,2,2,0,0,0,0,1.001503,0.998582,1.00444,0.010034,0.99925,0.006148,-0.004478,0.016773
G076,362,1333,3,4,3.077375,15.924098,0,0,0,1.003009,0.998876,1.007176,0.020061,0.9985,0.012295,-0.002725,0.027314
G077,459,1333,4,4,4,0,5.832031,4.222481,19.08596,1.032168,1.018509,1.046198,0.097963,0.99925,0.094132,0.060687,0.127578
G078,315,1333,14,28,16.920488,81.112081,23.31001,16.112407,55.032,1.033841,1.019754,1.048323,0.159094,0.993998,0.124187,0.079322,0.169053
G079,128,1333,10,11,10.093649,20.678164,12.5,10.385517,26.211982,1.085517,1.062602,1.109441,0.241096,0.997749,0.225942,0.175923,0.27596
G080,209,1333,4,4.5,4.030262,12.261169,7,4.652242,17.798569,1.00603,1.000175,1.011953,0.032825,0.9985,0.023547,0.00334,0.043754
G081,360,1333,10,11.5,10.180377,22.473897,13.803077,10.643059,32.491563,2.007185,1.971816,2.043846,0.773697,0.996999,0.755463,0.722594,0.788332
G082,271,1333,3,3,3,0,0,0,0,1.018193,1.00801,1.028584,0.057798,0.99925,0.053947,0.028388,0.079506
G083,374,1333,11,12.5,11.180377,23.473897,14.024103,11.52873,28.296545,1.03383,1.019752,1.048303,0.140335,0.996999,0.119328,0.07647,0.162186
G084,266,1333,3,3,3,3,3,3,3,1.612784,1.554746,1.675324,0.579806,1,0.579089,0.550069,0.60811
G085,32,1333,2,2,2,0,0,0,0,1.001503,0.998582,1.00444,0.010034,0.99925,0.006148,-0.004478,0.016773
G086,565,1333,23,32.166667,25.29218,59.658448,33.443604,25.928912,60.238698,2.195867,2.146598,2.24745,0.997119,0.991748,0.951778,0.897309,1.006247
G087,136,1333,20,56,30.261607,146.296011,48.585272,32.722133,84.228052,1.216041,1.176258,1.258609,0.559458,0.993248,0.526009,0.452737,0.599281
G088,324,1333,1,1,1,1,0,0,0,1,1,1,0,1,0,0,0
G089,280,1333,3,4,3.077375,15.924098,0,0,0,1.003009,0.998876,1.007176,0.020061,0.9985,0.012295,-0.002725,0.027314
G090,203,1333,6,12,6.967351,43.21504,0,0,0,1.92846,1.887233,1.971528,0.707021,0.996999,0.69352,0.671232,0.715809
G091,222,1333,8,8,8,0,8.416667,8.04986,11.481947,1.308245,1.261915,1.358107,0.487671,0.99925,0.480441,0.428704,0.532177
G092,56,1333,7,8.5,7.149231,22.077277,13,7.804861,51.728216,1.159091,1.127014,1.193048,0.330083,0.997749,0.317587,0.269091,0.366083
G093,499,1333,9,9,9,0,9.449074,9.037201,14.421069,1.038558,1.023492,1.054074,0.139174,0.99925,0.129201,0.086093,0.172309
G094,563,1333,10,31,15.14168,95.769634,75.045267,28.437432,239.472674,1.996891,1.964193,2.030697,0.762364,0.994749,0.738218,0.708506,0.76793
G095,156,1333,24,33.333333,25.937063,68.970717,33.324619,26.29609,61.868077,2.704282,2.596641,2.821234,1.373793,0.993998,1.346394,1.277356,1.415431
G096,21,1333,4,4,4,4,4,4,4,1.861103,1.809608,1.915615,0.680437,1,0.679004,0.654054,0.703954
G097,314,1333,4,4,4,0,4.6,4.102431,7.514563,1.009062,1.001879,1.01635,0.039475,0.99925,0.033365,0.010216,0.056514
G098,281,1333,52,109.75,70.630145,231.014306,138.21301,104.704427,193.025781,8.136094,7.535715,8.840419,2.65784,0.983496,2.607339,2.537901,2.676777
G099,241,1333,6,9,6.365788,30.604402,0,0,0,2.27709,2.175206,2.388987,0.970166,0.997749,0.960647,0.927563,0.99373
G100,325,1333,2,2,2,0,0,0,0,1.001503,0.998582,1.00444,0.010034,0.99925,0.006148,-0.004478,0.016773
G101,90,1333,23,24.666667,23.232004,34.972994,26.59647,23.787808,39.418464,2.195346,2.069157,2.337926,1.251979,0.996249,1.226348,1.154947,1.297749
G102,163,1333,9,10,9.071671,22.952567,17.892857,11.101095,46.638905,2.85767,2.728961,2.999121,1.252935,0.9985,1.246995,1.201734,1.292256
G103,349,1333,9,15,9.954877,46.701174,28.25832,15.58198,65.348223,1.749802,1.678037,1.82798,0.764102,0.996999,0.750024,0.703563,0.796486
G104,53,1333,13,18,13.864775,41.909245,19.698061,14.458396,43.762569,1.038575,1.023496,1.054105,0.164038,0.995499,0.135959,0.090135,0.181783
G105,460,1333,5,5,5,0,6.741581,5.255245,16.883102,1.022845,1.011383,1.034569,0.079692,0.99925,0.072802,0.041425,0.104178
G106,363,1333,5,8,5.369122,29.382198,24.15102,10.466045,72.09817,1.012105,1.003795,1.020553,0.054855,0.997749,0.043128,0.017203,0.069054
G107,240,1333,6,9,6.365788,30.604402,0,0,0,2.762892,2.67834,2.852957,1.079845,0.997749,1.070572,1.048073,1.093072
G108,193,1333,1,1,1,1,0,0,0,1,1,1,0,1,0,0,0
G109,61,1333,5,5,5,0,6,5.174723,10.723337,1.107179,1.081345,1.134277,0.246042,0.99925,0.240805,0.195796,0.285815
G110,580,1333,3,3,3,0,4.111111,3.080128,18.40741,1.006027,1.000177,1.011947,0.026707,0.99925,0.022115,0.003306,0.040924
G111,260,1333,1,1,1,1,0,0,0,1,1,1,0,1,0,0,0
G112,153,1333,4,4,4,0,4.694444,4.054125,12.909985,1.010582,1.002817,1.018468,0.043534,0.99925,0.037822,0.01362,0.062024
G113,432,1333,6,12,6.967351,43.21504,42.4,18.402162,112.832987,1.013635,1.004807,1.022619,0.064848,0.996999,0.049272,0.02128,0.077263
G114,483,1333,6,12,6.967351,43.21504,59.957396,35.695108,104.043106,1.021296,1.010241,1.032595,0.084119,0.996999,0.068742,0.037801,0.099683
G115,178,1333,3,3,3,0,4,3.24225,7.127961,1.004517,0.999453,1.009633,0.022805,0.99925,0.017401,0.000196,0.034607
G116,10,1333,11,11,11,11,11,11,11,1.254984,1.211175,1.302081,0.541531,1,0.536726,0.469953,0.6035
G117,152,1333,7,17,8.932408,58.748901,0,0,0,1.035252,1.020961,1.049948,0.121323,0.996249,0.102223,0.066754,0.137692
G118,312,1333,2,2,2,0,0,0,0,1.001503,0.998582,1.00444,0.010034,0.99925,0.006148,-0.004478,0.016773
G119,20,1333,5,8,5.369122,29.382198,0,0,0,1.524907,1.468885,1.585372,0.552146,0.997749,0.541684,0.508643,0.574725
G120,509,1333,6,9,6.365788,30.604402,0,0,0,1.22199,1.183524,1.26304,0.391176,0.997749,0.38035,0.333175,0.427525
G121,503,1333,2,2,2,2,2,2,2,1.003008,0.998878,1.007172,0.012779,1,0.011255,-0.002292,0.024802
G122,213,1333,27,29.142857,27.343036,40.385874,29.6267,27.55134,39.51416,1.575398,1.503723,1.654249,0.894027,0.995499,0.860167,0.783577,0.936757
G124,287,1333,12,14.5,12.368021,28.982713,32.890845,20.724598,62.022638,1.577366,1.515656,1.644315,0.663412,0.996249,0.64101,0.59291,0.689111
G125,504,1333,3,3,3,0,4,3.24225,7.127961,1.004517,0.999453,1.009633,0.022805,0.99925,0.017401,0.000196,0.034607
G126,508,1333,5,5.5,5.030262,13.261169,8,5.569395,20.806245,1.068457,1.048371,1.089329,0.167299,0.9985,0.158224,0.120738,0.195709
G127,502,1333,2,2,2,0,0,0,0,1.001503,0.998582,1.00444,0.010034,0.99925,0.006148,-0.004478,0.016773
G128,157,1333,44,114.2,68.710527,243.430795,234.155486,164.639909,343.727587,1.392414,1.332962,1.457416,0.961314,0.979745,0.863903,0.772014,0.955792
G129,514,1333,3,4,3.077375,15.924098,0,0,0,1.003009,0.998876,1.007176,0.020061,0.9985,0.012295,-0.002725,0.027314
G130,488,1333,10,10.75,10.066559,18.451092,12.966667,10.484818,28.153442,1.48708,1.429708,1.549249,0.600877,0.997749,0.585805,0.537888,0.633722
G131,247,1333,17,27.5,19.03458,71.188088,27.008488,19.132821,63.96588,3.447815,3.331593,3.57244,1.441772,0.994749,1.418608,1.36998,1.467237
G132,192,1333,2,2,2,0,0,0,0,1.001503,0.998582,1.00444,0.010034,0.99925,0.006148,-0.004478,0.016773
G133,507,1333,48,69,55.295428,108.448818,119.982441,89.473877,172.933386,4.266071,4.004935,4.563637,2.067283,0.984246,2.000124,1.920838,2.079411
G134,528,1333,8,8.5,8.030262,16.261169,9.706667,8.217402,21.397823,1.056055,1.037762,1.075005,0.173316,0.9985,0.162785,0.118273,0.207297
G135,26,1333,1,1,1,1,0,0,0,1,1,1,0,1,0,0,0
G136,437,1333,22,28,23.32833,49.101695,53.398582,36.808768,88.573466,1.209934,1.170904,1.251655,0.55454,0.993248,0.514435,0.441262,0.587608
G137,236,1333,4,4,4,0,0,0,0,1.400367,1.346569,1.458642,0.534745,0.99925,0.531253,0.48674,0.575765
G138,435,1333,5,5,5,0,5.6,5.096658,8.724465,1.027491,1.014893,1.040406,0.09076,0.99925,0.084689,0.051589,0.117789
G139,286,1333,10,11,10.093649,20.678164,16.697002,11.780234,35.193232,1.599565,1.532938,1.672248,0.711601,0.997749,0.698418,0.646125,0.75071
G140,455,1333,42,73.625,53.213632,131.189712,130.458066,95.851504,187.303824,2.165038,2.065444,2.274723,1.260554,0.982746,1.178672,1.099969,1.257375
G141,489,1333,14,29,17.502488,78.24005,44,18.256776,225.427637,1.747612,1.686593,1.813211,0.720404,0.992498,0.683409,0.6423,0.724519
G142,427,1333,4,4,4,4,0,0,0,1.171879,1.137776,1.20809,0.356577,1,0.356577,0.305294,0.40786
G143,426,1333,6,7,6.073182,19.664578,0,0,0,1.159111,1.126492,1.193674,0.351374,0.9985,0.344105,0.291635,0.396575
G144,55,1333,4,5,4.075339,17.273425,0,0,0,1.33404,1.287952,1.383548,0.432764,0.9985,0.425617,0.389219,0.462016
G145,562,1333,9,11,9.249903,25.006186,14.136364,9.855742,39.82967,1.851474,1.795713,1.910809,0.720539,0.996999,0.70368,0.669412,0.737949
G146,120,1333,4,4,4,0,4.54519,4.037912,11.840008,1.012106,1.003795,1.020556,0.047434,0.99925,0.042533,0.017177,0.067889
G147,246,1333,20,20.75,20.066559,28.451092,21.96299,20.325595,31.834723,2.855014,2.71068,3.015583,1.426572,0.997749,1.411496,1.346069,1.476922
G148,158,1333,21,22.2,21.138909,31.366469,24.648369,21.730966,39.209596,1.563848,1.48666,1.649491,1.005905,0.996999,0.986623,0.902969,1.070276
G149,385,1333,3,4,3.077375,15.924098,0,0,0,1.003009,0.998876,1.007176,0.020061,0.9985,0.012295,-0.002725,0.027314
G150,485,1333,6,6,6,6,6,6,6,1.660686,1.600396,1.725697,0.631567,1,0.627086,0.591277,0.662895
G151,159,1333,21,48.5,27.663101,134.498205,90.757812,58.091996,152.191441,1.642184,1.564456,1.72804,0.912601,0.991748,0.873699,0.803964,0.943434
G152,62,1333,4,4,4,0,0,0,0,1.065567,1.045782,1.086114,0.166472,0.99925,0.162703,0.123363,0.202043
G153,328,1333,21,39.333333,25.476624,96.081388,62.087116,41.254981,104.344986,2.369626,2.250844,2.501643,1.170285,0.991748,1.132628,1.075461,1.189795
G154,27,1333,2,2,2,0,0,0,0,1.001503,0.998582,1.00444,0.010034,0.99925,0.006148,-0.004478,0.016773
G155,208,1333,2,2,2,0,0,0,0,1.001503,0.998582,1.00444,0.010034,0.99925,0.006148,-0.004478,0.016773
G156,80,1333,12,12.6,12.050626,19.11091,14.181818,12.765819,18.216003,2.134867,2.079638,2.19311,0.911349,0.997749,0.894844,0.849187,0.940501
G157,1,1333,4,5,4.075339,17.273425,0,0,0,1.99364,1.974389,2.013271,0.707659,0.9985,0.700926,0.686578,0.715273
G158,151,1333,5,11,5.973157,41.993022,0,0,0,1.006031,1.000174,1.011957,0.040095,0.996999,0.024587,0.003367,0.045808
G159,183,1333,20,24.666667,20.954004,42.82777,37.131644,26.630003,64.267434,1.696344,1.613127,1.788612,0.93399,0.993998,0.899678,0.832181,0.967176
G161,578,1333,11,14,11.356675,36.233049,12.484784,11.204628,21.773644,1.044941,1.028604,1.061806,0.166731,0.997749,0.151587,0.10465,0.198524
G162,576,1333,1,1,1,1,0,0,0,1,1,1,0,1,0,0,0
G165,350,1333,8,8,8,0,8.458008,8.036641,13.725111,1.527163,1.468583,1.590611,0.600373,0.99925,0.592379,0.548164,0.636594
G166,267,1333,9,10.5,9.180377,21.473897,13.666667,11.219245,18.813145,1.863803,1.810114,1.920775,0.718969,0.996999,0.700897,0.668256,0.733539
G167,162,1333,11,17,11.949145,48.928859,47.4,23.384717,117.98347,3.063469,2.934383,3.204435,1.353946,0.996999,1.34225,1.294126,1.390374
G168,142,1333,11,13.5,11.368021,27.982713,32.590339,19.600806,65.197565,2.059012,2.032747,2.085965,0.805363,0.996249,0.784212,0.749263,0.819161
G169,262,1333,2,2,2,2,2,2,2,1.003008,0.998878,1.007172,0.012779,1,0.011255,-0.002292,0.024802
G170,359,1333,13,27,15.920488,80.112081,30.753086,16.841974,95.033882,1.742108,1.679965,1.809024,0.719788,0.993998,0.690128,0.647719,0.732536
G171,245,1333,6,6,6,0,6.379009,6.026673,11.385476,1.022876,1.011383,1.034634,0.084987,0.99925,0.078446,0.044491,0.112401
G172,561,1333,12,13,12.093649,22.678164,14.5584,12.413065,27.845953,1.314117,1.265886,1.366169,0.555564,0.997749,0.540925,0.480496,0.601354
G173,543,1333,4,5,4.075339,17.273425,10.78,5.269544,40.208582,1.00906,1.00188,1.016344,0.040778,0.9985,0.032717,0.010005,0.05543
G174,54,1333,20,46,26.815969,119.178856,155.747081,103.231157,241.398702,1.075942,1.054299,1.098492,0.293361,0.990248,0.240741,0.182805,0.298678
G175,572,1333,4,7,4.373525,28.094805,0,0,0,1.004518,0.999451,1.009636,0.030082,0.997749,0.018441,5.50E-05,0.036828
G176,386,1333,1,1,1,1,0,0,0,1,1,1,0,1,0,0,0
G177,207,1333,2,2,2,0,0,0,0,1.001503,0.998582,1.00444,0.010034,0.99925,0.006148,-0.004478,0.016773
G178,269,1333,5,8,5.369122,29.382198,30.630854,14.182562,76.542196,1.018215,1.008008,1.028632,0.070453,0.997749,0.0589,0.030327,0.087472
G179,92,1333,24,26.142857,24.343036,37.385874,30.049486,25.546994,47.656382,1.954541,1.845671,2.077061,1.186914,0.995499,1.157265,1.081002,1.233527
G180,498,1333,5,6.5,5.149231,20.077277,11,5.891606,45.376578,1.007546,1.000992,1.014186,0.042837,0.997749,0.029693,0.00688,0.052505
G181,144,1333,23,49,29.815969,122.178856,79.513597,50.515194,139.073564,1.25676,1.212823,1.304001,0.606613,0.990248,0.556314,0.484714,0.627915
G182,282,1333,14,29,17.283004,82.534794,20.1536,15.287194,43.418095,1.810772,1.744784,1.881947,0.78264,0.995499,0.760215,0.711729,0.808701
G183,223,1333,1,1,1,1,0,0,0,1,1,1,0,1,0,0,0
G184,378,1333,10,11.5,10.180377,22.473897,14.666667,12.041602,20.667006,1.10735,1.081431,1.134541,0.278664,0.996999,0.259267,0.208692,0.309842
G185,160,1333,1,1,1,1,0,0,0,1,1,1,0,1,0,0,0
G186,119,1333,2,2,2,0,0,0,0,1.001503,0.998582,1.00444,0.010034,0.99925,0.006148,-0.004478,0.016773
G187,268,1333,5,5,5,0,5.75,5.145597,8.863402,1.620571,1.561935,1.683781,0.59865,0.99925,0.592151,0.559931,0.624371
G188,486,1333,6,7,6.073182,19.664578,7.877551,6.196924,23.901317,1.467712,1.413019,1.52681,0.541208,0.9985,0.533179,0.493628,0.57273
G189,575,1333,28,33.625,29.315172,52.05817,45.738166,35.643788,69.163171,1.229567,1.188346,1.27375,0.6148,0.992498,0.567208,0.488758,0.645658
G190,63,1333,28,33.625,29.315172,52.05817,45.738166,35.643788,69.163171,1.229567,1.188346,1.27375,0.6148,0.992498,0.567208,0.488758,0.645658
G191,461,1333,8,10,8.249903,24.006186,23.605452,13.324227,53.739998,1.022873,1.011383,1.034627,0.098286,0.996999,0.079857,0.04493,0.114784
G192,284,1333,2,2,2,2,2,2,2,1.013605,1.004816,1.022549,0.040478,1,0.040474,0.018507,0.06244
G193,229,1333,45,81.142857,57.654451,148.228984,110.604119,83.826946,155.848289,1.298635,1.249239,1.352098,0.848487,0.982746,0.759471,0.666641,0.852301
G194,227,1333,50,68.071429,56.587386,99.576041,82.21263,63.655215,125.989543,1.736777,1.645978,1.838179,1.231279,0.982746,1.138576,1.046143,1.231009
G195,353,1333,3,3,3,0,4.801749,3.214827,18.111244,1.012092,1.0038,1.020523,0.042833,0.99925,0.038947,0.015994,0.0619
G196,228,1333,16,49,24.281529,147.497459,79.555556,41.143315,176.651396,1.032269,1.018525,1.046389,0.169707,0.990998,0.121309,0.076217,0.166402
G197,368,1333,10,11.2,10.138909,20.366469,13.87574,10.701448,31.41477,1.025996,1.013714,1.03858,0.115802,0.996999,0.094236,0.055496,0.132976
G198,334,1333,6,9,6.365788,30.604402,22.125,10.022031,70.647843,1.035284,1.020967,1.050009,0.115587,0.997749,0.103813,0.068045,0.139582
G199,234,1333,13,18,13.864775,41.909245,25,15.498551,70.633395,2.887693,2.775284,3.009594,1.266712,0.995499,1.245862,1.200177,1.291547
G200,14,1333,7,17,8.932408,58.748901,0,0,0,1.608911,1.550428,1.67198,0.606578,0.996249,0.589304,0.55559,0.623018
G201,139,1333,9,10,9.093649,19.678164,12.75,10.153688,21.189167,1.995321,1.928507,2.06693,0.847518,0.997749,0.834656,0.791674,0.877639
G202,333,1333,4,4,4,4,4,4,4,1.010584,1.002815,1.018474,0.042234,1,0.038469,0.013858,0.063081
G203,196,1333,3,3,3,0,4.759259,3.203899,18.179081,1.010573,1.002821,1.018445,0.038881,0.99925,0.034957,0.012835,0.057079
G204,114,1333,3,4,3.077375,15.924098,0,0,0,1.003009,0.998876,1.007176,0.020061,0.9985,0.012295,-0.002725,0.027314
G205,382,1333,5,5.5,5.030262,13.261169,8,5.569395,20.806245,1.920105,1.877449,1.964745,0.698462,0.9985,0.690184,0.668466,0.711902
G206,537,1333,7,7.5,7.030262,15.261169,9.222222,7.251676,26.621519,2.0525,2.016129,2.090207,0.792648,0.9985,0.784187,0.751782,0.816592
G207,383,1333,2,2,2,2,0,0,0,1.898032,1.855362,1.942712,0.665678,1,0.665678,0.653227,0.678129
G208,146,1333,4,5,4.075339,17.273425,0,0,0,1.03674,1.022187,1.051713,0.104013,0.9985,0.096372,0.064711,0.128033
G209,381,1333,6,12,6.967351,43.21504,0,0,0,1.923729,1.881678,1.967704,0.705727,0.996999,0.692223,0.669771,0.714674
G210,98,1333,4,4,4,0,0,0,0,1.170394,1.13689,1.205933,0.330819,0.99925,0.327173,0.280867,0.373479
G211,133,1333,15,30,18.279242,83.613414,32.606592,21.398539,63.447319,2.583717,2.458401,2.722495,1.243289,0.995499,1.224204,1.168793,1.279614
G212,536,1333,9,19,10.92167,61.03806,35.25954,18.788958,79.442988,2.018902,1.982699,2.056452,0.780815,0.996249,0.764029,0.73128,0.796777
G213,122,1333,5,5,5,5,5,5,5,1.427406,1.371225,1.488388,0.570029,1,0.568445,0.520513,0.616377
G214,463,1333,2,2,2,2,2,2,2,1.003008,0.998878,1.007172,0.012779,1,0.011255,-0.002292,0.024802
G215,69,1333,4,4,4,0,5,4.195576,9.113106,1.025904,1.013708,1.038396,0.081036,0.99925,0.075676,0.045506,0.105846
G216,541,1333,10,20.5,12.03458,64.188088,38,11.941651,413.780128,1.036891,1.022218,1.051991,0.144099,0.994749,0.115874,0.075984,0.155764
G217,220,1333,17,26.333333,18.937063,61.970717,68.050667,41.863923,121.81735,2.596419,2.437913,2.77697,1.336138,0.993998,1.308972,1.251104,1.366841
G218,202,1333,4,4,4,0,5,4.195576,9.113106,1.33822,1.29175,1.388159,0.437028,0.99925,0.431935,0.394771,0.469098
G219,505,1333,7,13,7.962505,44.402388,0,0,0,2.435805,2.351645,2.526214,1.001004,0.996999,0.988389,0.957595,1.019182
G220,270,1333,5,5,5,0,5.701389,5.052291,14.407886,1.067202,1.047152,1.088036,0.174746,0.99925,0.170649,0.129256,0.212042
G221,37,1333,8,8,8,0,8.375,8.041955,11.351844,1.988362,1.945324,2.033348,0.765293,0.99925,0.757947,0.724039,0.791854
G222,570,1333,4,4,4,0,0,0,0,2.085763,2.054562,2.117927,0.786844,0.99925,0.78354,0.757586,0.809494
G223,326,1333,4,7,4.373525,28.094805,0,0,0,1.004518,0.999451,1.009636,0.030082,0.997749,0.018441,5.50E-05,0.036828
G224,237,1333,4,4,4,0,4.527111,4.034457,12.063503,1.024397,1.01254,1.036534,0.079465,0.99925,0.075596,0.044471,0.106721
G225,118,1333,2,2,2,2,2,2,2,1.003008,0.998878,1.007172,0.012779,1,0.011255,-0.002292,0.024802
G226,38,1333,7,10,7.39133,29.998494,17,8.095712,98.264874,2.019596,2.005167,2.034234,0.740785,0.996999,0.725851,0.703156,0.748546
G227,3,1333,25,27.8,25.540907,39.494168,34.422222,27.80338,56.668298,2.285778,2.210129,2.36679,1.110485,0.993998,1.071034,1.00891,1.133157
G228,373,1333,3,3,3,0,4.12,3.077439,19.198584,1.009055,1.001883,1.016331,0.03485,0.99925,0.030841,0.009658,0.052023
G229,259,1333,2,2,2,0,0,0,0,1.001503,0.998582,1.00444,0.010034,0.99925,0.006148,-0.004478,0.016773
G230,194,1333,1,1,1,1,0,0,0,1,1,1,0,1,0,0,0
G231,143,1333,12,12.333333,12.018627,17.964957,12.962799,12.115228,20.044777,1.249906,1.208344,1.294428,0.469341,0.9985,0.456803,0.398678,0.514929
G232,39,1333,7,8.5,7.149231,22.077277,13,7.804861,51.728216,2.026201,1.992159,2.061427,0.770235,0.997749,0.758731,0.729222,0.788239
G233,138,1333,5,5,5,0,5.650206,5.054937,12.695527,1.015166,1.005849,1.024657,0.060378,0.99925,0.053334,0.024854,0.081814
G234,155,1333,30,33.75,30.6386,52.020811,34.729622,31.147674,49.491012,3.021266,2.819047,3.25474,1.737152,0.995499,1.714121,1.633358,1.794883
G235,361,1333,2,2,2,0,0,0,0,1.001503,0.998582,1.00444,0.010034,0.99925,0.006148,-0.004478,0.016773
G236,506,1333,6,9,6.365788,30.604402,0,0,0,1.370406,1.316826,1.428531,0.555033,0.997749,0.544577,0.495066,0.594088
G237,434,1333,4,4,4,0,4.515625,4.034556,11.693932,1.013633,1.004808,1.022614,0.051493,0.99925,0.046989,0.020672,0.073305
G238,127,1333,10,20.5,12.03458,64.188088,27.792727,13.323382,105.258741,1.018253,1.008003,1.028713,0.099412,0.994749,0.070222,0.035536,0.104908
G239,75,1333,46,73.2,54.263264,135.533628,102.82458,76.674998,151.265951,6.63189,6.123245,7.232695,2.481177,0.987247,2.438422,2.366411,2.510432
G240,529,1333,16,26.5,18.03458,70.188088,37.302881,23.751938,74.54184,1.205545,1.167147,1.246556,0.505549,0.994749,0.478111,0.410547,0.545676
G241,253,1333,2,2,2,2,0,0,0,1.022776,1.011383,1.034429,0.061682,1,0.061682,0.036316,0.087048
G242,464,1333,2,2,2,0,0,0,0,1.001503,0.998582,1.00444,0.010034,0.99925,0.006148,-0.004478,0.016773
G243,140,1333,24,31,25.340979,60.540456,31.34838,25.713811,55.507956,4.453766,4.193781,4.748115,1.865097,0.994749,1.842232,1.782075,1.90239
G244,573,1333,62,72.2,65.289109,93.631671,73.945106,66.671211,92.545735,2.424901,2.282564,2.58617,1.664975,0.986497,1.586614,1.487118,1.68611
G245,224,1333,1,1,1,1,0,0,0,1,1,1,0,1,0,0,0
G246,129,1333,5,11,5.973157,41.993022,0,0,0,1.006031,1.000174,1.011957,0.040095,0.996999,0.024587,0.003367,0.045808
G247,484,1333,4,5,4.075339,17.273425,13.268519,6.292164,41.477873,1.015148,1.005853,1.024615,0.056693,0.9985,0.048971,0.023029,0.074913
G248,384,1333,3,4,3.077375,15.924098,0,0,0,1.003009,0.998876,1.007176,0.020061,0.9985,0.012295,-0.002725,0.027314
G249,415,1333,3,3,3,0,0,0,0,1.05873,1.04024,1.07789,0.136774,0.99925,0.132983,0.09992,0.166046
G250,2,1333,9,16.5,10.32254,51.5318,30,10.642281,277.528973,1.73776,1.678716,1.801108,0.674423,0.995499,0.652436,0.618351,0.686521
G251,482,1333,5,8,5.369122,29.382198,26.40625,11.663552,73.766261,1.013629,1.004809,1.022606,0.058879,0.997749,0.047244,0.02055,0.073937
G252,238,1333,4,4,4,0,5.832031,4.222481,19.08596,1.051055,1.033731,1.06897,0.136675,0.99925,0.132874,0.096049,0.169698
G253,81,1333,7,13,7.962505,44.402388,60.957396,36.690748,105.057505,1.990096,1.950748,2.031064,0.754516,0.996999,0.741157,0.712465,0.769849
G254,177,1333,5,8,5.369122,29.382198,30.630854,14.182562,76.542196,1.018215,1.008008,1.028632,0.070453,0.997749,0.0589,0.030327,0.087472
G255,110,1333,19,29.5,21.03458,73.188088,26.092395,20.751277,47.723072,1.156419,1.123836,1.190947,0.44046,0.994749,0.410186,0.342372,0.478
G256,501,1333,26,27.428571,26.193189,36.563816,28.790261,26.590053,39.194666,1.27164,1.225499,1.321392,0.684069,0.996249,0.656261,0.573558,0.738963
G257,109,1333,22,33,24.884791,63.944117,72.584988,48.279457,119.37039,1.991583,1.930437,2.056729,0.901793,0.990998,0.85411,0.801179,0.907041
G258,577,1333,5,5,5,0,6.125,5.078908,21.039169,1.105402,1.079831,1.132212,0.242607,0.99925,0.23857,0.193351,0.28379
G259,239,1333,4,4,4,4,4,4,4,2.398616,2.320861,2.481761,0.964173,1,0.962649,0.934964,0.990334
G260,77,1333,4,5,4.075339,17.273425,12.401361,5.89606,41.226062,1.012099,1.003797,1.020539,0.048884,0.9985,0.0411,0.016584,0.065617
G261,57,1333,5,5,5,5,5,5,5,1.172747,1.139863,1.207585,0.306371,1,0.302606,0.260035,0.345177
G262,154,1333,32,51.5,37.215203,104.911837,70.351742,52.114603,105.123796,2.734881,2.579819,2.909776,1.538437,0.990248,1.495199,1.418191,1.572206
G263,500,1333,7,8.5,7.149231,22.077277,13,7.804861,51.728216,1.347419,1.296216,1.402833,0.538434,0.997749,0.526408,0.475669,0.577147
G264,97,1333,15,17,15.249903,31.006186,24.259581,17.717036,46.556381,1.392549,1.335436,1.454766,0.708842,0.996999,0.69219,0.6218,0.762579
G265,367,1333,12,57,25.682312,160.001297,471.20439,296.750329,752.538816,1.029097,1.016093,1.042437,0.140153,0.992498,0.101874,0.062025,0.141722
G266,99,1333,8,13,8.777869,40.13908,61.631438,33.215154,122.071527,1.024411,1.012541,1.036563,0.103131,0.996249,0.08242,0.047536,0.117304
G267,19,1333,4,5,4.075339,17.273425,0,0,0,1.253986,1.213929,1.296776,0.371123,0.9985,0.363884,0.326061,0.401707
G268,12,1333,9,19,10.92167,61.03806,35.669954,18.619722,82.940433,1.764247,1.703607,1.829363,0.698465,0.996249,0.680751,0.643566,0.717935
G269,67,1333,2,2,2,0,0,0,0,1.001503,0.998582,1.00444,0.010034,0.99925,0.006148,-0.004478,0.016773
G270,276,1333,7,10,7.39133,29.998494,17,8.095712,98.264874,1.556817,1.499234,1.619,0.585163,0.996999,0.56976,0.533791,0.60573
G271,370,1333,8,10,8.249903,24.006186,14,9.887053,27.077369,1.404077,1.352899,1.459278,0.513502,0.996999,0.496348,0.454652,0.538045
G272,566,1333,8,14,8.9584,45.5626,29.185185,12.837159,100.784234,1.793237,1.731501,1.859539,0.714325,0.996999,0.700123,0.66283,0.737416
G273,113,1333,3,3,3,0,4.111111,3.080128,18.40741,1.006027,1.000177,1.011947,0.026707,0.99925,0.022115,0.003306,0.040924
G274,357,1333,1,1,1,1,0,0,0,1,1,1,0,1,0,0,0
G275,535,1333,5,6,5.07406,18.502615,13.401361,6.892935,42.287515,1.980061,1.945532,2.015837,0.725373,0.9985,0.718606,0.695399,0.741813
G276,231,1333,3,3,3,0,4.801749,3.214827,18.111244,1.012092,1.0038,1.020523,0.042833,0.99925,0.038947,0.015994,0.0619
G277,400,1333,27,49,32.580688,113.727651,70.042104,47.976242,115.320047,3.093163,2.956285,3.243331,1.504658,0.990998,1.466627,1.400522,1.532733
G278,147,1333,3,3,3,3,3,3,3,1.571077,1.513985,1.632644,0.559162,1,0.557638,0.528175,0.587101
G279,100,1333,7,10,7.39133,29.998494,13.24,7.943571,48.266219,1.013642,1.004805,1.022635,0.069474,0.996999,0.051796,0.022292,0.0813
G280,232,1333,2,2,2,2,0,0,0,1.024313,1.012538,1.036365,0.065015,1,0.065015,0.03921,0.09082
G281,170,1333,2,2,2,2,0,0,0,1.025851,1.013705,1.038292,0.068301,1,0.068301,0.042082,0.094519
G282,254,1333,4,5,4.075339,17.273425,13.803306,7.048405,35.526258,1.018205,1.008009,1.028609,0.064163,0.9985,0.056461,0.029338,0.083584
G283,369,1333,12,33,17.130555,97.955616,25.285367,14.667421,78.169146,1.080464,1.05832,1.103553,0.242999,0.994749,0.21545,0.165786,0.265115
G284,251,1333,4,5,4.075339,17.273425,0,0,0,1.054016,1.036286,1.072364,0.135862,0.9985,0.128269,0.094245,0.162294
G285,252,1333,41,80.428571,55.002219,152.026132,107.652257,77.318184,163.322289,1.581373,1.509991,1.659838,0.965159,0.981995,0.874484,0.794092,0.954876
G286,372,1333,9,16.5,10.32254,51.5318,30,10.642281,277.528973,1.755942,1.697371,1.8187,0.680737,0.995499,0.658779,0.625164,0.692394
G287,30,1333,13,34,18.125503,99.040343,25.95,15.603621,77.411249,2.789597,2.712361,2.87136,1.145645,0.994749,1.122463,1.085346,1.15958
G288,307,1333,4,4,4,0,0,0,0,1.255358,1.212903,1.300894,0.429634,0.99925,0.426063,0.37855,0.473576
G289,336,1333,3,3,3,0,4.125,3.079033,19.013799,1.00754,1.000996,1.014171,0.030768,0.99925,0.026573,0.006475,0.04667
G290,568,1333,7,8,7.093649,17.678164,9.571429,8.143133,12.784316,1.015174,1.005847,1.024676,0.072231,0.997749,0.056899,0.026243,0.087554
G291,513,1333,8,15.5,9.32254,50.5318,29,9.657222,274.107928,1.012115,1.003792,1.020578,0.072832,0.995499,0.048125,0.018879,0.077372
G292,567,1333,3,3,3,3,3,3,3,1.010577,1.002819,1.018457,0.03761,1,0.035945,0.013172,0.058717
G293,571,1333,6,7.5,6.149231,21.077277,12,6.84185,48.762945,1.587421,1.529314,1.650118,0.590856,0.997749,0.578947,0.545221,0.612674
G294,302,1333,1,1,1,1,0,0,0,1,1,1,0,1,0,0,0
G295,204,1333,13,27,15.920488,80.112081,89.443808,55.913293,149.173556,1.061047,1.041843,1.080973,0.220382,0.993998,0.188756,0.138671,0.23884
G296,548,1333,18,36,21.984991,99.305086,49.92294,32.52911,88.140159,1.845251,1.765914,1.932052,0.899112,0.993248,0.866078,0.808175,0.923981
G297,354,1333,2,2,2,2,2,2,2,1.010566,1.002824,1.018428,0.032828,1,0.032803,0.01243,0.053176
G298,13,1333,10,13.333333,10.503451,32.06988,16.048237,11.061578,44.459231,2.027969,2.002673,2.053912,0.774077,0.996249,0.753631,0.722783,0.78448
G299,230,1333,4,5,4.075339,17.273425,11.733333,5.62088,40.896273,1.010578,1.002818,1.01846,0.044856,0.9985,0.036985,0.01331,0.06066
G300,352,1333,12,22.5,14.03458,66.188088,24.03125,14.438071,71.3711,1.198817,1.162957,1.236959,0.389384,0.994749,0.360996,0.310261,0.411731
G301,172,1333,4,4,4,0,5.12,4.077391,20.208705,1.025936,1.01371,1.03846,0.082583,0.99925,0.078609,0.047265,0.109952
G302,233,1333,30,68.25,41.592645,156.206098,159.902635,112.040698,235.686873,1.712198,1.624853,1.809466,1.054735,0.986497,0.992524,0.915644,1.069405
G303,145,1333,3,3,3,0,0,0,0,1.052395,1.034961,1.070426,0.125941,0.99925,0.122141,0.089753,0.154529
G304,226,1333,5,8,5.369122,29.382198,0,0,0,1.345834,1.298851,1.396343,0.448938,0.997749,0.438242,0.400711,0.475774
G305,29,1333,4,4,4,0,0,0,0,2.222462,2.173305,2.273894,0.872981,0.99925,0.869742,0.841753,0.897732
G306,465,1333,2,2,2,0,0,0,0,1.001503,0.998582,1.00444,0.010034,0.99925,0.006148,-0.004478,0.016773
G307,401,1333,55,70,59.419193,105.914271,67.977902,59.826224,89.898076,6.822134,6.274862,7.473991,2.559159,0.988747,2.509866,2.434265,2.585466
G308,547,1333,7,13,7.962505,44.402388,28.185185,11.838304,99.76227,1.527917,1.471054,1.589354,0.57383,0.996999,0.559205,0.521822,0.596588
G309,135,1333,8,11,8.361075,32.925579,31.142857,15.640872,78.095639,2.210603,2.09639,2.337977,1.045056,0.997749,1.03568,0.988845,1.082516
G310,68,1333,2,2,2,2,2,2,2,1.006024,1.00018,1.011936,0.020751,1,0.020427,0.003348,0.037507
G311,301,1333,2,2,2,0,0,0,0,1.001503,0.998582,1.00444,0.010034,0.99925,0.006148,-0.004478,0.016773
G312,274,1333,9,19,10.92167,61.03806,35.669954,18.619722,82.940433,2.043175,2.020535,2.066328,0.778519,0.996249,0.761106,0.730591,0.791622
G313,95,1333,25,32,26.340979,61.540456,30.822917,26.391164,49.372649,5.088195,4.910048,5.279755,1.878091,0.994749,1.855228,1.80031,1.910146
G314,335,1333,6,7.5,6.149231,21.077277,12,6.84185,48.762945,1.033692,1.019728,1.048043,0.110936,0.997749,0.097945,0.063355,0.132534
G315,197,1333,2,2,2,0,0,0,0,1.001503,0.998582,1.00444,0.010034,0.99925,0.006148,-0.004478,0.016773
G316,306,1333,5,6,5.07406,18.502615,0,0,0,1.172277,1.139058,1.207491,0.323604,0.9985,0.316294,0.271394,0.361194
G317,472,1333,8,10,8.249903,24.006186,14,9.887053,27.077369,1.986134,1.953193,2.020204,0.742605,0.996999,0.72614,0.699334,0.752946
G318,308,1333,4,4,4,0,5.125,4.078959,20.028963,1.047795,1.031098,1.065042,0.126728,0.99925,0.122605,0.08744,0.157769
G319,549,1333,14,19,14.864775,42.909245,32.261668,21.02199,61.492026,1.896086,1.824092,1.973997,0.855886,0.995499,0.832969,0.781634,0.884303
G320,531,1333,10,11.5,10.149231,25.077277,12.188889,10.320719,24.939063,1.052921,1.035134,1.071331,0.180142,0.997749,0.165477,0.118503,0.212451
G321,371,1333,8,11,8.39133,30.998494,14.24,8.943511,49.268852,1.764538,1.705839,1.827422,0.679867,0.996999,0.664025,0.630483,0.697568
G322,494,1333,2,2,2,2,2,2,2,1.010566,1.002824,1.018428,0.032828,1,0.032803,0.01243,0.053176
G323,285,1333,5,8,5.369122,29.382198,0,0,0,1.021284,1.010242,1.032571,0.077761,0.997749,0.066228,0.036646,0.09581
G324,530,1333,6,6,6,0,6.927083,6.075862,17.329542,1.852092,1.779121,1.931305,0.785123,0.99925,0.781097,0.738988,0.823205
G325,141,1333,14,21.5,15.32254,56.5318,37.78465,23.773455,71.882253,2.387424,2.313024,2.46677,1.074745,0.995499,1.054224,1.003806,1.104643
G326,300,1333,1,1,1,1,0,0,0,1,1,1,0,1,0,0,0
G327,283,1333,3,3,3,0,4.801749,3.214827,18.111244,1.012092,1.0038,1.020523,0.042833,0.99925,0.038947,0.015994,0.0619
G328,134,1333,6,6,6,0,7.356481,6.171132,16.752192,1.512218,1.454928,1.574205,0.573542,0.99925,0.567014,0.526683,0.607346
G329,171,1333,3,3,3,0,0,0,0,1.019724,1.009118,1.030556,0.061354,0.99925,0.057506,0.03142,0.083591
G330,275,1333,7,13,7.962505,44.402388,43.4,19.398346,113.865867,1.332848,1.286185,1.383024,0.464019,0.996999,0.449644,0.406877,0.492412
G331,205,1333,2,2,2,0,0,0,0,1.001503,0.998582,1.00444,0.010034,0.99925,0.006148,-0.004478,0.016773
G332,96,1333,23,30,24.340979,59.540456,29.241486,24.554222,48.064729,4.21185,4.080491,4.351948,1.648729,0.994749,1.624418,1.572086,1.676749
G333,355,1333,1,1,1,1,0,0,0,1,1,1,0,1,0,0,0
G334,235,1333,17,38,22.108047,103.334371,25.403791,18.82423,55.714246,1.839611,1.760977,1.925597,0.89891,0.994749,0.873153,0.813634,0.932673
G335,18,1333,4,5,4.075339,17.273425,0,0,0,1.451668,1.398767,1.508729,0.50603,0.9985,0.498993,0.465457,0.53253
G336,123,1333,5,5,5,0,6.125,5.078908,21.039169,1.497902,1.434821,1.566785,0.633399,0.99925,0.629656,0.582157,0.677155
G337,121,1333,7,7.5,7.030262,15.261169,8.786667,7.193028,23.537383,1.975755,1.896803,2.061565,0.84627,0.9985,0.837495,0.797426,0.877563
G338,255,1333,1,1,1,1,0,0,0,1,1,1,0,1,0,0,0
G339,206,1333,2,2,2,0,0,0,0,1.001503,0.998582,1.00444,0.010034,0.99925,0.006148,-0.004478,0.016773
G340,195,1333,7,10,7.39133,29.998494,17,8.095712,98.264874,1.293982,1.250439,1.340667,0.428425,0.996999,0.412551,0.370684,0.454417
G341,399,1333,29,46.5,34.118074,88.836961,46.702393,34.834887,82.707074,1.553953,1.486635,1.627657,0.839338,0.988747,0.778257,0.707769,0.848745
G342,169,1333,81,143.333333,106.285161,234.665008,180.185942,143.605358,238.14072,17.245105,16.062418,18.615799,3.318799,0.974494,3.247948,3.184617,3.31128
G343,212,1333,4,5,4.075339,17.273425,0,0,0,1.945742,1.910151,1.982686,0.69524,0.9985,0.688488,0.67185,0.705127
G344,440,1333,6,6,6,0,6.650206,6.054925,13.697172,1.0322,1.018514,1.046259,0.108086,0.99925,0.101077,0.064488,0.137667
G345,211,1333,4,4,4,0,5,4.195576,9.113106,1.815181,1.761714,1.871996,0.659299,0.99925,0.654373,0.631103,0.677642
G346,148,1333,8,8,8,0,8.490596,8.040976,13.873812,1.038547,1.02349,1.054054,0.134333,0.99925,0.126292,0.084305,0.16828
G347,474,1333,3,3,3,0,4,3.24225,7.127961,1.004517,0.999453,1.009633,0.022805,0.99925,0.017401,0.000196,0.034607
G348,131,1333,14,15.5,14.180377,26.473897,17.720211,14.711474,33.45254,2.158993,2.101919,2.219253,0.941825,0.996999,0.923508,0.874323,0.972693
G349,466,1333,11,16,11.864775,39.909245,32.306122,18.159417,74.406119,2.041197,2.015449,2.067612,0.791055,0.995499,0.76791,0.734707,0.801113
G350,305,1333,8,18,9.926723,59.901606,55.929688,23.757199,153.790821,1.941823,1.898228,1.987467,0.734357,0.996249,0.717236,0.68867,0.745802
G351,397,1333,14,19.25,14.998395,41.606806,25.666667,17.863373,49.231161,1.748414,1.666965,1.838231,0.861213,0.994749,0.833685,0.777727,0.889643
G352,64,1333,39,91.5,55.708093,203.964963,168.91107,121.389596,243.842443,3.138799,2.928463,3.381689,1.733937,0.984246,1.670947,1.594621,1.747273
G353,258,1333,3,3,3,0,0,0,0,1.838468,1.787965,1.891908,0.656417,0.99925,0.653016,0.634406,0.671625
G354,344,1333,6,7.5,6.149231,21.077277,19.074074,9.96792,49.078345,1.018232,1.008006,1.028667,0.075571,0.997749,0.062476,0.03198,0.092972
G355,452,1333,7,10,7.39133,29.998494,17,8.095712,98.264874,1.972507,1.938566,2.007658,0.728908,0.996999,0.713938,0.689755,0.738121
G356,25,1333,8,18,9.926723,59.901606,28.729093,14.658204,72.53622,1.02133,1.01024,1.032666,0.095489,0.996249,0.075819,0.041467,0.110171
G357,343,1333,4,4,4,0,4.54519,4.037912,11.840008,1.012106,1.003795,1.020556,0.047434,0.99925,0.042533,0.017177,0.067889
G358,24,1333,2,2,2,0,0,0,0,1.001503,0.998582,1.00444,0.010034,0.99925,0.006148,-0.004478,0.016773
G359,296,1333,16,16.142857,16.006302,19.238251,17.255454,16.173349,25.09242,1.968047,1.861483,2.087552,1.071594,0.9985,1.055422,0.990742,1.120103
G360,43,1333,6,6.5,6.030262,14.261169,9,6.520571,23.288711,1.171851,1.138282,1.20746,0.342312,0.9985,0.3335,0.285248,0.381752
G361,40,1333,9,12,9.359347,34.045409,11.58,9.340956,28.522773,1.410042,1.356138,1.468409,0.567642,0.997749,0.555445,0.504757,0.606132
G362,125,1333,12,21.333333,13.937063,56.970717,26.670554,15.130779,80.744915,1.022894,1.011383,1.03467,0.122088,0.993998,0.087603,0.048973,0.126232
G363,105,1333,2,2,2,0,0,0,0,1.001503,0.998582,1.00444,0.010034,0.99925,0.006148,-0.004478,0.016773
G364,526,1333,15,81,37.123064,211.898588,246.129722,151.351405,406.788765,1.03856,1.023493,1.054078,0.180827,0.990998,0.135005,0.089215,0.180794
G365,493,1333,6,6,6,6,6,6,6,1.024427,1.012541,1.036596,0.087745,1,0.083205,0.048386,0.118024
G366,347,1333,21,26.25,21.998395,48.606806,53.606121,37.235721,86.482716,2.667762,2.557307,2.78819,1.347784,0.994749,1.322092,1.255597,1.388588
G367,491,1333,3,4,3.077375,15.924098,0,0,0,1.003009,0.998876,1.007176,0.020061,0.9985,0.012295,-0.002725,0.027314
G368,320,1333,11,14,11.39133,33.998494,26.994869,15.751615,64.841868,2.299925,2.189996,2.421474,1.095508,0.996999,1.081498,1.03024,1.132757
G369,525,1333,7,7,7,0,7.6,7.096873,10.716192,1.016711,1.006914,1.026701,0.073867,0.99925,0.062393,0.030434,0.094353
G370,7,1333,5,5,5,0,5.694444,5.054095,13.914899,1.320701,1.275088,1.369699,0.438319,0.99925,0.432903,0.392068,0.473738
G371,469,1333,33,42,35.130414,71.020786,43.737381,36.279403,68.156208,2.633426,2.504788,2.775993,1.472284,0.992498,1.435336,1.355871,1.5148
G372,150,1333,7,8,7.072542,20.78512,16.564444,9.426978,44.692382,1.134167,1.104535,1.165432,0.324778,0.9985,0.317465,0.263548,0.371382
G373,456,1333,7,7,7,7,7,7,7,1.265667,1.223501,1.310843,0.429196,1,0.425098,0.376012,0.474185
G374,319,1333,8,18,9.926723,59.901606,0,0,0,1.19832,1.162146,1.236819,0.38029,0.996249,0.362165,0.313135,0.411194
G375,345,1333,2,2,2,2,2,2,2,1.003008,0.998878,1.007172,0.012779,1,0.011255,-0.002292,0.024802
G376,457,1333,9,14,9.777869,41.13908,18.444444,10.56431,66.020359,1.917418,1.86937,1.968001,0.735059,0.996249,0.716006,0.684895,0.747117
G377,149,1333,5,5,5,0,0,0,0,1.111127,1.084584,1.139001,0.266133,0.99925,0.262439,0.214018,0.310861
G378,257,1333,4,5,4.075339,17.273425,0,0,0,1.604089,1.546407,1.666239,0.580092,0.9985,0.573167,0.544065,0.602269
G379,295,1333,6,6,6,6,6,6,6,1.518927,1.458355,1.584749,0.618265,1,0.616393,0.569395,0.663391
G380,132,1333,5,8,5.369122,29.382198,0,0,0,2.009234,1.997728,2.020873,0.719787,0.997749,0.709702,0.69298,0.726424
G381,553,1333,2,2,2,0,0,0,0,1.001503,0.998582,1.00444,0.010034,0.99925,0.006148,-0.004478,0.016773
G382,256,1333,2,2,2,2,0,0,0,1.432972,1.381268,1.488699,0.47933,1,0.47933,0.448425,0.510236
G383,398,1333,20,21.2,20.138909,30.366469,22.722272,20.532163,33.925735,2.111128,2.006657,2.227075,1.105412,0.996999,1.083805,1.018762,1.148848
G384,82,1333,2,2,2,2,2,2,2,1.003008,0.998878,1.007172,0.012779,1,0.011255,-0.002292,0.024802
G385,41,1333,10,10.25,10.013038,14.793627,10.941176,10.193727,14.572475,1.115541,1.088672,1.143771,0.282748,0.9985,0.269205,0.218287,0.320123
G386,524,1333,24,54.333333,32.183501,136.434904,73.792181,48.12647,126.761047,1.087778,1.064306,1.112309,0.341177,0.989497,0.282634,0.219242,0.346025
G387,396,1333,27,28.2,27.138909,37.366469,29.594915,27.529902,39.707214,2.409265,2.266637,2.571048,1.404321,0.996999,1.382017,1.304693,1.459342
G388,458,1333,3,3,3,0,0,0,0,1.70121,1.643934,1.762621,0.610421,0.99925,0.606986,0.582997,0.630975
G389,554,1333,2,2,2,0,0,0,0,1.001503,0.998582,1.00444,0.010034,0.99925,0.006148,-0.004478,0.016773
G390,166,1333,4,4,4,0,5.125,4.078959,20.028963,1.03213,1.018503,1.046125,0.095689,0.99925,0.091542,0.058983,0.124102
G391,106,1333,2,2,2,0,0,0,0,1.001503,0.998582,1.00444,0.010034,0.99925,0.006148,-0.004478,0.016773
G392,9,1333,2,2,2,2,0,0,0,1.565448,1.508918,1.626378,0.546788,1,0.546788,0.520016,0.57356
G393,304,1333,8,8.75,8.066559,16.451092,11,9.34651,14.683945,1.91268,1.864785,1.9631,0.724907,0.997749,0.710236,0.680399,0.740072
G394,303,1333,4,4,4,0,5.125,4.078959,20.028963,1.960718,1.9251,1.99768,0.706568,0.99925,0.70288,0.682832,0.722928
G395,555,1333,6,9,6.39133,28.998494,16,7.126442,94.775079,1.009066,1.001877,1.016359,0.052842,0.996999,0.035837,0.010692,0.060982
G396,467,1333,3,3,3,3,3,3,3,1.247191,1.207566,1.289504,0.362777,1,0.362454,0.32382,0.401088
G397,470,1333,33,42,35.002307,73.453337,41.888896,35.469068,65.000925,5.45355,5.131274,5.819021,2.145634,0.993248,2.116124,2.049673,2.182575
G398,8,1333,6,6.333333,6.018627,11.964957,8,6.689187,11.80394,1.247698,1.207893,1.290215,0.38376,0.9985,0.37348,0.331434,0.415527
G399,431,1333,22,27,22.777869,54.13908,25.029372,22.568736,38.135947,2.694016,2.514846,2.900675,1.526241,0.996249,1.50856,1.436332,1.580787
G400,5,1333,2,2,2,0,0,0,0,1.001503,0.998582,1.00444,0.010034,0.99925,0.006148,-0.004478,0.016773
G401,539,1333,2,2,2,2,0,0,0,1.047629,1.031049,1.064752,0.110453,1,0.110453,0.080194,0.140712
G402,218,1333,13,20.5,14.32254,55.5318,44.313149,25.852648,89.288816,1.806737,1.714632,1.909299,0.944138,0.995499,0.922618,0.863441,0.981795
G403,473,1333,4,5,4.075339,17.273425,12.892857,6.114914,41.392969,1.013622,1.004811,1.022589,0.052832,0.9985,0.04509,0.019824,0.070356
G404,480,1333,42,57.6,46.229841,99.534077,54.758584,46.444984,78.621388,3.50247,3.322251,3.703362,1.76298,0.990248,1.716525,1.637544,1.795505
G405,512,1333,3,3,3,0,0,0,0,1.198071,1.163009,1.235313,0.312326,0.99925,0.308667,0.271691,0.345642
G406,165,1333,7,8.5,7.149231,22.077277,11.5625,7.627861,40.154477,1.062253,1.043039,1.082188,0.173578,0.997749,0.160402,0.119251,0.201554
G407,117,1333,8,23,11.312814,75.918097,55.75,20.866463,185.209741,1.013643,1.004805,1.022638,0.076711,0.995499,0.052836,0.022632,0.08304
G408,346,1333,30,35.142857,31.129558,53.415337,37.426758,32.004425,57.517483,2.32659,2.174202,2.50195,1.518627,0.993248,1.482412,1.399111,1.565714
G409,523,1333,9,15,9.954877,46.701174,15.222222,9.916039,51.264618,1.119645,1.092027,1.148697,0.298189,0.996999,0.282011,0.230607,0.333415
G410,471,1333,11,32,16.135936,96.865554,67.943704,35.653931,142.524069,1.083655,1.061091,1.1072,0.241232,0.994749,0.214274,0.166169,0.262378
G411,540,1333,2,2,2,2,0,0,0,1.139088,1.110081,1.169652,0.241219,1,0.241219,0.205909,0.276528
G412,168,1333,35,59,42.120549,115.89264,92.077224,65.835962,140.649681,2.672517,2.50765,2.860587,1.573058,0.987997,1.521871,1.442329,1.601413
G413,475,1333,3,3,3,3,3,3,3,1.00906,1.00188,1.016344,0.033365,1,0.031932,0.009991,0.053874
G414,164,1333,6,7,6.093649,16.678164,9.75,7.568759,14.964095,1.010588,1.002814,1.018483,0.05559,0.997749,0.040942,0.014446,0.067438
G415,101,1333,4,4,4,0,4.6,4.102431,7.514563,1.009062,1.001879,1.01635,0.039475,0.99925,0.033365,0.010216,0.056514
G416,407,1333,21,34.2,24.443297,71.60266,39.72,26.276793,87.411241,2.154602,2.094617,2.218125,0.977122,0.990998,0.931383,0.879424,0.983342
G417,391,1333,4,5,4.075339,17.273425,0,0,0,1.042991,1.027222,1.059251,0.115993,0.9985,0.108371,0.075724,0.141018
G418,450,1333,6,6,6,0,6.571429,6.088578,9.686364,1.999045,1.970103,2.028851,0.734074,0.99925,0.726959,0.702205,0.751712
G419,510,1333,3,3,3,0,0,0,0,1.266528,1.225526,1.310369,0.373652,0.99925,0.370038,0.333789,0.406287
G420,167,1333,10,16,10.951822,47.822217,19.898595,12.820099,44.744231,1.876556,1.804245,1.954905,0.818175,0.996999,0.803933,0.757715,0.850152
G421,406,1333,9,12,9.39133,31.998494,33.612711,18.094399,75.610844,2.092775,2.051211,2.136057,0.840014,0.996999,0.825354,0.788263,0.862444
G422,339,1333,6,6,6,0,6.619141,6.044892,14.539127,2.197715,2.092014,2.314665,0.981056,0.99925,0.977837,0.936791,1.018882
G423,342,1333,3,3,3,0,4,3.24225,7.127961,1.004517,0.999453,1.009633,0.022805,0.99925,0.017401,0.000196,0.034607
G424,318,1333,6,6.5,6.030262,14.261169,7.786667,6.19308,22.53292,1.046279,1.029824,1.063268,0.136411,0.9985,0.126569,0.088781,0.164358
G425,492,1333,1,1,1,1,0,0,0,1,1,1,0,1,0,0,0
G426,519,1333,2,2,2,2,2,2,2,1.012084,1.003803,1.020503,0.036696,1,0.036686,0.015474,0.057898
G427,115,1333,15,24,17.002307,55.453337,52.930356,31.960103,99.829199,1.04016,1.024761,1.05603,0.181293,0.993248,0.142156,0.095012,0.1893
G428,47,1333,6,12,6.967351,43.21504,0,0,0,1.287758,1.244855,1.333725,0.414425,0.996999,0.400044,0.360092,0.439997
G429,309,1333,4,4,4,0,4.75,4.159477,7.527163,1.007545,1.000993,1.014183,0.035574,0.99925,0.028653,0.006779,0.050526
G430,310,1333,2,2,2,0,0,0,0,1.001503,0.998582,1.00444,0.010034,0.99925,0.006148,-0.004478,0.016773
G431,331,1333,25,28,25.39133,47.998494,27.176604,25.389094,37.17599,3.921627,3.712697,4.155475,1.776044,0.996999,1.7595,1.693056,1.825944
G432,481,1333,2,2,2,0,0,0,0,1.001503,0.998582,1.00444,0.010034,0.99925,0.006148,-0.004478,0.016773
G433,377,1333,1,1,1,1,0,0,0,1,1,1,0,1,0,0,0
G434,340,1333,12,13.5,12.180377,24.473897,15,13.267951,19.098066,1.100977,1.075764,1.1274,0.287552,0.996999,0.266736,0.212447,0.321025
G435,405,1333,5,5,5,5,5,5,5,1.716143,1.656047,1.780765,0.648196,1,0.645088,0.612085,0.678091
G436,402,1333,8,9.5,8.149231,23.077277,12.5625,8.627812,41.157044,1.699715,1.620867,1.786625,0.780824,0.997749,0.769018,0.720653,0.817382
G437,116,1333,6,7.5,6.149231,21.077277,12,6.84185,48.762945,1.024388,1.01254,1.036517,0.090504,0.997749,0.077467,0.044995,0.109939
G438,45,1333,6,6,6,6,6,6,6,1.092482,1.068467,1.117601,0.240376,1,0.23871,0.18935,0.288069
G439,479,1333,38,66.5,47.183307,126.448529,148.340391,106.13212,216.696948,3.420398,3.231318,3.632981,1.715503,0.985746,1.656059,1.582836,1.729281
G440,44,1333,2,2,2,2,2,2,2,1.004515,0.999456,1.009625,0.016685,1,0.015969,0.000431,0.031507
G441,522,1333,6,9,6.365788,30.604402,0,0,0,1.059181,1.040404,1.078649,0.16851,0.997749,0.157182,0.116242,0.198121
G442,341,1333,6,7.5,6.149231,21.077277,12,6.84185,48.762945,1.02903,1.016086,1.042308,0.100965,0.997749,0.087952,0.054327,0.121576
G443,390,1333,1,1,1,1,0,0,0,1,1,1,0,1,0,0,0
G444,107,1333,5,11,5.973157,41.993022,0,0,0,1.006031,1.000174,1.011957,0.040095,0.996999,0.024587,0.003367,0.045808
G445,187,1333,3,4,3.077375,15.924098,0,0,0,1.003009,0.998876,1.007176,0.020061,0.9985,0.012295,-0.002725,0.027314
G446,417,1333,10,15,10.864775,38.909245,22,12.693632,63.459419,1.03534,1.020978,1.050112,0.140102,0.995499,0.114158,0.073999,0.154317
G447,395,1333,5,8,5.369122,29.382198,0,0,0,1.228827,1.190848,1.269307,0.35698,0.997749,0.346077,0.306627,0.385526
G448,173,1333,24,29.6,25.15542,51.141645,43.448232,31.99899,71.285184,2.188257,2.057232,2.337107,1.312711,0.993998,1.281112,1.206586,1.355638
G449,293,1333,3,4,3.077375,15.924098,0,0,0,1.003009,0.998876,1.007176,0.020061,0.9985,0.012295,-0.002725,0.027314
G450,420,1333,5,11,5.973157,41.993022,0,0,0,1.006031,1.000174,1.011957,0.040095,0.996999,0.024587,0.003367,0.045808
G451,421,1333,1,1,1,1,0,0,0,1,1,1,0,1,0,0,0
G452,59,1333,5,8,5.369122,29.382198,0,0,0,1.070013,1.049713,1.091114,0.16964,0.997749,0.158314,0.121482,0.195147
G453,71,1333,13,13.6,13.050626,20.11091,15.395266,13.373204,28.37311,2.653815,2.566747,2.746997,1.156862,0.997749,1.141489,1.094798,1.188181
G454,217,1333,7,7.333333,7.018627,12.964957,9,7.618979,13.462259,1.459479,1.403366,1.520267,0.570794,0.9985,0.560795,0.515767,0.605822
G455,332,1333,5,5.5,5.030262,13.261169,8,5.569395,20.806245,1.073286,1.052474,1.094937,0.175018,0.9985,0.165955,0.12812,0.203789
G456,393,1333,7,8.5,7.149231,22.077277,10.685714,7.489194,34.769111,1.107986,1.082359,1.134855,0.242347,0.997749,0.228931,0.185689,0.272173
G457,215,1333,5,6.5,5.149231,20.077277,11,5.891606,45.376578,1.007546,1.000992,1.014186,0.042837,0.997749,0.029693,0.00688,0.052505
G458,388,1333,19,24.6,20.15542,46.141645,45.6167,31.238313,76.887775,1.122255,1.094007,1.152001,0.380458,0.993998,0.343699,0.279251,0.408148
G459,60,1333,3,3,3,0,0,0,0,1.074725,1.053776,1.096525,0.162465,0.99925,0.158693,0.124309,0.193076
G460,87,1333,27,48,33.067775,99.679028,132.747458,93.352033,195.533267,3.194089,3.096886,3.297592,1.406432,0.988747,1.356466,1.30076,1.412173
G461,379,1333,2,2,2,0,0,0,0,1.001503,0.998582,1.00444,0.010034,0.99925,0.006148,-0.004478,0.016773
G462,289,1333,6,16,7.938854,57.576857,0,0,0,1.007547,1.000991,1.01419,0.050101,0.996249,0.030733,0.007018,0.054447
G463,587,1333,15,15.75,15.066559,23.451092,16.5,15.405085,20.554386,2.154341,2.049733,2.2702,1.070846,0.997749,1.053742,0.996441,1.111044
G464,422,1333,5,6,5.07406,18.502615,11.78,6.267665,41.262274,1.02594,1.01371,1.038469,0.088475,0.9985,0.080486,0.048096,0.112875
G465,478,1333,4,5,4.075339,17.273425,0,0,0,1.915813,1.87426,1.95925,0.687108,0.9985,0.680344,0.66239,0.698298
G466,559,1333,8,13,8.777869,40.13908,23,9.36057,173.371875,1.839619,1.785734,1.896857,0.699672,0.996249,0.681211,0.651362,0.711059
G467,290,1333,3,3,3,3,3,3,3,1.010577,1.002819,1.018457,0.03761,1,0.035945,0.013172,0.058717
G468,242,1333,9,14,9.777869,41.13908,24,10.342299,176.622885,1.188479,1.15353,1.22561,0.367269,0.996249,0.347555,0.298485,0.396625
G469,477,1333,3,3,3,3,3,3,3,1.979235,1.9535,2.005658,0.697745,1,0.69622,0.682473,0.709968
G470,495,1333,35,56,41.067775,107.679028,83.711921,60.838639,126.833448,1.946843,1.830877,2.078492,1.373104,0.988747,1.321477,1.232227,1.410727
G471,337,1333,23,26,23.501496,40.946298,28.541069,24.36253,45.534149,3.436272,3.267843,3.623007,1.552183,0.995499,1.526013,1.467214,1.584812
G472,582,1333,8,14,8.9584,45.5626,13.024793,8.802815,39.450025,1.022881,1.011383,1.034643,0.098097,0.996999,0.081173,0.045732,0.116615
G473,476,1333,18,27.333333,19.937063,62.970717,28.248521,20.604772,58.322982,2.097174,2.03608,2.162049,0.940888,0.993998,0.910161,0.857738,0.962583
G474,175,1333,22,23.5,22.149231,37.077277,23.63208,22.24303,32.96034,3.959512,3.69903,4.259458,1.850025,0.997749,1.839292,1.772497,1.906088
G475,244,1333,4,5,4.075339,17.273425,0,0,0,1.246695,1.207247,1.288809,0.364895,0.9985,0.357647,0.319728,0.395565
G476,174,1333,18,20.5,18.368021,34.982713,27.34513,20.974331,47.361713,3.011581,2.884405,3.15049,1.39624,0.996249,1.375725,1.318355,1.433096
G477,219,1333,4,4,4,0,0,0,0,1.413031,1.358281,1.472381,0.543963,0.99925,0.540477,0.49611,0.584844
G478,180,1333,10,15,10.777869,42.13908,26.818098,15.568415,60.795146,1.049645,1.032479,1.067391,0.172818,0.996249,0.151586,0.107044,0.196129
G479,583,1333,4,4.5,4.030262,12.261169,7,4.652242,17.798569,1.00603,1.000175,1.011953,0.032825,0.9985,0.023547,0.00334,0.043754
G480,72,1333,18,36,21.984991,99.305086,31.630165,21.520368,70.77329,2.178944,2.132131,2.227858,0.957232,0.993248,0.924422,0.874069,0.974776
G481,429,1333,11,16,11.777869,43.13908,20.444444,12.564228,68.023344,1.425849,1.365959,1.491233,0.674356,0.996249,0.655074,0.595359,0.714788
G482,497,1333,18,32,20.920488,85.112081,31.481815,23.044423,54.031739,1.091195,1.067211,1.116282,0.316436,0.993998,0.283831,0.222159,0.345503
G483,389,1333,15,22.5,16.32254,57.5318,28.321939,19.467199,54.728267,1.706137,1.632391,1.78686,0.821024,0.995499,0.798076,0.739743,0.856409
G484,330,1333,3,4,3.077375,15.924098,0,0,0,1.003009,0.998876,1.007176,0.020061,0.9985,0.012295,-0.002725,0.027314
G485,278,1333,14,14,14,0,14.310265,14.021234,18.533551,3.401826,3.211636,3.61596,1.535055,0.99925,1.528825,1.474029,1.58362
G486,558,1333,9,11,9.249903,25.006186,13,10.840068,17.69533,2.01938,1.992556,2.046936,0.763769,0.996999,0.746645,0.717163,0.776127
G487,216,1333,1,1,1,1,0,0,0,1,1,1,0,1,0,0,0
G488,380,1333,11,16,11.777869,43.13908,36.816327,19.788179,86.83855,1.682421,1.611283,1.76013,0.764172,0.996249,0.74581,0.694081,0.797539
G489,279,1333,12,17,12.777869,44.13908,37.816327,20.785802,87.859065,3.264514,3.089567,3.460463,1.42086,0.996249,1.40497,1.360509,1.449432
G490,185,1333,1,1,1,1,0,0,0,1,1,1,0,1,0,0,0
G491,496,1333,23,30,24.451873,56.749509,36.86539,28.222094,59.814549,1.495318,1.427169,1.570302,0.876802,0.993998,0.84431,0.766538,0.922082
G492,411,1333,17,19.5,17.409254,32.271686,27.708645,20.769324,47.42325,1.067698,1.04735,1.088852,0.253902,0.995499,0.222038,0.165715,0.278361
G493,124,1333,30,48.333333,34.476624,105.081388,42.268739,33.783663,69.782079,1.666481,1.578879,1.764376,1.138117,0.991748,1.098445,1.010859,1.186031
G494,126,1333,15,16,15.111496,23.968937,17.166667,15.73662,21.372951,1.077506,1.055663,1.100273,0.258766,0.996999,0.234136,0.178723,0.28955
G495,46,1333,6,6,6,0,6.666667,6.117543,9.781135,1.249775,1.209728,1.292565,0.386685,0.99925,0.3785,0.33574,0.421259
G496,181,1333,3,3,3,3,3,3,3,1.025901,1.013708,1.038391,0.07496,1,0.074244,0.044984,0.103503
G497,584,1333,24,33,26.130414,62.020786,36.561095,27.793576,65.591651,1.124313,1.095697,1.154464,0.418829,0.992498,0.373729,0.303855,0.443602
G498,413,1333,5,5,5,0,5.75,5.145597,8.863402,1.136298,1.107403,1.16674,0.26218,0.99925,0.255429,0.21451,0.296347
G499,511,1333,4,5,4.075339,17.273425,0,0,0,1.127508,1.09973,1.156724,0.242497,0.9985,0.235065,0.197158,0.272972
G500,294,1333,17,22,17.864775,45.909245,22.73913,18.20609,44.309411,2.084744,1.968963,2.214994,1.123852,0.995499,1.10003,1.037596,1.162463
G501,291,1333,6,6.5,6.030262,14.261169,9,6.520571,23.288711,1.240539,1.200818,1.282978,0.395176,0.9985,0.386443,0.34082,0.432066
G502,214,1333,2,2,2,2,2,2,2,1.003008,0.998878,1.007172,0.012779,1,0.011255,-0.002292,0.024802
G503,23,1333,2,2,2,2,2,2,2,1.013605,1.004816,1.022549,0.040478,1,0.040474,0.018507,0.06244
G504,585,1333,16,23,17.340979,52.540456,22.641944,17.463007,46.153938,1.085944,1.0628,1.110119,0.287629,0.994749,0.256099,0.198716,0.313482
G505,4,1333,1,1,1,1,0,0,0,1,1,1,0,1,0,0,0
G506,418,1333,21,24,21.501496,38.946298,26.752101,22.403521,44.574036,1.896743,1.80787,1.994805,1.011328,0.995499,0.984812,0.91684,1.052784
G507,518,1333,2,2,2,0,0,0,0,1.001503,0.998582,1.00444,0.010034,0.99925,0.006148,-0.004478,0.016773
G508,446,1333,5,5.5,5.030262,13.261169,7.222222,5.251778,24.613623,1.012108,1.003794,1.020562,0.053537,0.9985,0.043965,0.017559,0.070372
G509,445,1333,4,4,4,0,4.6,4.102431,7.514563,1.009062,1.001879,1.01635,0.039475,0.99925,0.033365,0.010216,0.056514
G510,545,1333,1,1,1,1,0,0,0,1,1,1,0,1,0,0,0
G511,42,1333,20,65.5,32.085622,191.298583,108.388441,57.025057,231.006199,1.437972,1.381478,1.499283,0.664602,0.989497,0.613696,0.554589,0.672803
G512,299,1333,48,75.142857,57.03814,129.513973,101.795227,78.274698,143.588946,1.868318,1.758685,1.992529,1.442138,0.984996,1.370348,1.271415,1.46928
G513,538,1333,4,5,4.075339,17.273425,0,0,0,1.223204,1.185785,1.263061,0.344005,0.9985,0.336725,0.298549,0.374901
G514,84,1333,9,12,9.359347,34.045409,14.803874,10.380428,33.401823,1.09249,1.06847,1.117614,0.258067,0.997749,0.246067,0.194295,0.297838
G515,439,1333,5,11,5.973157,41.993022,0,0,0,1.006031,1.000174,1.011957,0.040095,0.996999,0.024587,0.003367,0.045808
G516,311,1333,2,2,2,0,0,0,0,1.001503,0.998582,1.00444,0.010034,0.99925,0.006148,-0.004478,0.016773
G517,6,1333,2,2,2,0,0,0,0,1.001503,0.998582,1.00444,0.010034,0.99925,0.006148,-0.004478,0.016773
G518,375,1333,2,2,2,0,0,0,0,1.001503,0.998582,1.00444,0.010034,0.99925,0.006148,-0.004478,0.016773
G519,338,1333,12,22,13.909407,64.372289,43.94788,24.90442,91.094379,2.449955,2.371828,2.533405,1.104962,0.996249,1.089226,1.039231,1.139221
G520,348,1333,35,40.6,36.15542,62.141645,42.376465,37.036041,61.724524,2.882611,2.662659,3.142174,1.89529,0.993998,1.867597,1.778304,1.95689
G521,392,1333,3,3,3,0,4,3.24225,7.127961,1.004517,0.999453,1.009633,0.022805,0.99925,0.017401,0.000196,0.034607
G522,468,1333,7,7.333333,7.018627,12.964957,8.925926,7.239966,22.457179,1.626465,1.566265,1.691476,0.626815,0.9985,0.616758,0.579145,0.654372
G523,179,1333,10,11,10.093649,20.678164,18.161157,12.428597,37.425094,1.099347,1.074333,1.125554,0.277683,0.997749,0.263207,0.209694,0.31672
G524,297,1333,9,9.333333,9.018627,14.964957,10,9.218358,13.579632,1.049651,1.032481,1.067402,0.164354,0.9985,0.151979,0.10744,0.196518
G525,404,1333,9,9.333333,9.018627,14.964957,10.354184,9.159917,20.467315,2.856999,2.778574,2.939979,1.137158,0.9985,1.127542,1.095301,1.159784
G526,419,1333,15,33.333333,19.476624,90.081388,48.763889,23.197413,154.068294,1.02913,1.016097,1.042502,0.155934,0.991748,0.110469,0.067235,0.153702
G527,451,1333,5,8,5.369122,29.382198,0,0,0,1.503292,1.448035,1.562933,0.54143,0.997749,0.530943,0.497305,0.56458
G528,83,1333,5,5.5,5.030262,13.261169,6.786667,5.193148,21.527141,1.010585,1.002815,1.018477,0.049481,0.9985,0.039509,0.014061,0.064958
G529,521,1333,5,5.5,5.030262,13.261169,10.508587,6.206824,30.144128,1.016691,1.006917,1.026657,0.065588,0.9985,0.056334,0.027716,0.084953
G530,50,1333,3,4,3.077375,15.924098,0,0,0,1.003009,0.998876,1.007176,0.020061,0.9985,0.012295,-0.002725,0.027314
G531,438,1333,18,22.666667,18.954004,40.82777,24.482963,19.55736,44.98721,1.131618,1.102554,1.162256,0.36267,0.993998,0.323934,0.264759,0.383109
G532,520,1333,3,3,3,0,4.854595,3.229663,17.976415,1.015138,1.005855,1.024594,0.050476,0.99925,0.046616,0.022243,0.070989
G533,412,1333,3,3,3,0,0,0,0,1.036713,1.022182,1.051664,0.097108,0.99925,0.093286,0.063129,0.123444
G534,102,1333,7,10,7.363176,31.781345,15.752572,9.314431,40.099935,1.056019,1.037749,1.074943,0.168973,0.997749,0.157493,0.114769,0.200218
G535,186,1333,2,2,2,0,0,0,0,1.001503,0.998582,1.00444,0.010034,0.99925,0.006148,-0.004478,0.016773
G536,130,1333,12,15.75,12.6386,34.020811,18.666667,15.556454,24.496842,2.023799,1.99175,2.056897,0.791428,0.995499,0.766161,0.731447,0.800874
G537,88,1333,26,65,36.088586,176.764435,45.037778,31.728536,89.268693,2.307337,2.242244,2.376323,1.121134,0.990248,1.076416,1.013285,1.139547
G538,288,1333,7,17,8.932408,58.748901,40.129252,15.337195,138.644666,1.012113,1.003792,1.020573,0.066724,0.996249,0.046693,0.018391,0.074995
G539,89,1333,41,54.333333,45.07923,84.581214,57.209455,46.843297,85.965436,2.45269,2.296193,2.632078,1.578683,0.987997,1.518914,1.43299,1.604839
G540,387,1333,26,78.5,40.273738,219.099388,99.05758,65.423919,161.38507,1.845121,1.762273,1.936142,0.979377,0.988747,0.926572,0.860065,0.99308
G541,65,1333,32,39.857143,33.961855,63.467512,45.713333,36.176702,77.024881,3.973992,3.690344,4.304875,1.913546,0.991748,1.875536,1.805607,1.945464
G542,51,1333,2,2,2,0,0,0,0,1.001503,0.998582,1.00444,0.010034,0.99925,0.006148,-0.004478,0.016773
G543,430,1333,18,25,19.340979,54.540456,25.794238,19.778487,52.158335,1.486886,1.42023,1.560107,0.805188,0.994749,0.776976,0.706898,0.847053
G544,70,1333,5,6,5.07406,18.502615,0,0,0,1.590176,1.527492,1.658226,0.631912,0.9985,0.625064,0.585111,0.665018
G545,58,1333,4,4,4,0,5,4.195576,9.113106,1.074843,1.053826,1.096714,0.170191,0.99925,0.164897,0.128285,0.201509
G546,586,1333,22,38.5,26.257273,85.94939,57.977805,38.768092,99.194375,1.227121,1.187279,1.269731,0.522991,0.990998,0.474593,0.408466,0.54072
G547,94,1333,8,11,8.39133,30.998494,18,9.070158,101.444114,1.08719,1.064033,1.111379,0.235101,0.996999,0.218645,0.171771,0.265518
G548,546,1333,3,4,3.077375,15.924098,0,0,0,1.003009,0.998876,1.007176,0.020061,0.9985,0.012295,-0.002725,0.027314
G549,552,1333,18,23.6,19.15542,45.141645,26.111507,20.105799,49.245408,1.057885,1.039176,1.07728,0.237867,0.993998,0.199718,0.144743,0.254693
G550,93,1333,5,6,5.07406,18.502615,0,0,0,1.081916,1.05964,1.105148,0.201918,0.9985,0.194425,0.152387,0.236463
G551,550,1333,57,64.583333,59.141066,83.859027,69.071,61.504845,89.344961,2.878975,2.657824,3.14027,2.053428,0.989497,1.996186,1.895314,2.097057
G552,551,1333,4,5,4.075339,17.273425,0,0,0,1.035183,1.020948,1.04982,0.100934,0.9985,0.093289,0.061904,0.124675
G553,292,1333,8,15.5,9.32254,50.5318,29,9.657222,274.107928,1.012115,1.003792,1.020578,0.072832,0.995499,0.048125,0.018879,0.077372
G554,49,1333,1,1,1,1,0,0,0,1,1,1,0,1,0,0,0
G555,403,1333,17,28.25,19.652158,64.72057,133.648148,85.372035,216.011049,2.020258,1.959485,2.084921,0.888785,0.992498,0.851506,0.803151,0.899862
G556,66,1333,23,32,25.002307,63.453337,61.15696,41.233762,102.849322,2.49683,2.335831,2.681667,1.439458,0.993248,1.408462,1.337485,1.479438
G557,444,1333,6,6.333333,6.018627,11.964957,7.428571,6.44824,10.552951,1.013641,1.004806,1.022633,0.062239,0.9985,0.050756,0.02197,0.079542
G558,277,1333,15,20,15.777869,47.13908,39.582465,24.900434,76.037488,3.500895,3.323317,3.698522,1.548198,0.996249,1.532923,1.479175,1.58667
G559,210,1333,3,3,3,3,3,3,3,1.82784,1.775854,1.88296,0.655047,1,0.653523,0.632955,0.674091
G560,516,1333,6,7.5,6.149231,21.077277,12,6.84185,48.762945,1.99249,1.966363,2.019322,0.725811,0.997749,0.714207,0.692787,0.735627
G561,48,1333,7,10,7.39133,29.998494,17,8.095712,98.264874,1.868605,1.817818,1.922312,0.700188,0.996999,0.685131,0.657806,0.712457
G562,243,1333,3,3,3,0,0,0,0,1.11735,1.090803,1.145221,0.222142,0.99925,0.218415,0.182123,0.254707
G563,560,1333,5,6.5,5.149231,20.077277,11,5.891606,45.376578,1.007546,1.000992,1.014186,0.042837,0.997749,0.029693,0.00688,0.052505
G564,544,1333,4,5,4.075339,17.273425,10.78,5.269544,40.208582,1.00906,1.00188,1.016344,0.040778,0.9985,0.032717,0.010005,0.05543
G565,515,1333,5,6,5.07406,18.502615,14.268519,7.288206,42.542706,1.943944,1.899849,1.990135,0.721084,0.9985,0.71436,0.688829,0.739891
G566,517,1333,2,2,2,0,0,0,0,1.001503,0.998582,1.00444,0.010034,0.99925,0.006148,-0.004478,0.016773
G567,394,1333,26,44.333333,30.476624,101.081388,55.519643,40.22898,87.241866,1.874852,1.769879,1.993062,1.179117,0.991748,1.140871,1.062547,1.219194
G568,298,1333,16,71,33.600783,187.867357,139.005229,74.661107,273.927051,1.414741,1.359908,1.474181,0.625346,0.991748,0.586752,0.530148,0.643356
R1,273,1333,11,17,11.949145,48.928859,33.337601,19.20638,71.802498,1.792817,1.708329,1.886097,0.88653,0.996999,0.872835,0.815783,0.929887
R10,449,1333,7,17,8.932408,58.748901,0,0,0,1.071728,1.051124,1.093156,0.186835,0.996249,0.167981,0.12845,0.207513
R11,447,1333,12,27,15.291402,80.359936,25.454545,14.340952,89.32956,1.65884,1.585534,1.739254,0.787916,0.995499,0.766529,0.711408,0.82165
R2,272,1333,8,10,8.249903,24.006186,14,9.887053,27.077369,1.046308,1.029832,1.06332,0.149338,0.996999,0.131088,0.091414,0.170761
R3,73,1333,1,1,1,1,0,0,0,1,1,1,0,1,0,0,0
R4,74,1333,9,12,9.39133,31.998494,20.418826,12.444224,46.85747,1.554279,1.494488,1.619054,0.623445,0.996999,0.607989,0.563908,0.652071
R6,263,1333,2,2,2,0,0,0,0,1.001503,0.998582,1.00444,0.010034,0.99925,0.006148,-0.004478,0.016773
R7,264,1333,2,2,2,2,2,2,2,1.003008,0.998878,1.007172,0.012779,1,0.011255,-0.002292,0.024802
R8,265,1333,1,1,1,1,0,0,0,1,1,1,0,1,0,0,0
R9,448,1333,11,39,18.463947,116.038254,96.013333,36.057667,299.42537,1.263707,1.222216,1.308114,0.437603,0.993998,0.408117,0.360688,0.455547
