Seq_ID,nseqs,sobs,chao,chao_lci,chao_hci,ace,ace_lci,ace_hci,invsimpson,invsimpson_lci,invsimpson_hci,npshannon,coverage
DL_1,6037,10,10,10,0,0,0,0,1.27987,1.257772,1.302758,0.55006,0.999834
DL_10,6318,4,5,4.075339,17.273425,11.733333,5.62088,40.896273,1.002219,1.000585,1.003859,0.011494,0.999683
DL_100,3678,4,4,4,0,4.619141,4.044939,12.530034,1.009301,1.004907,1.013733,0.034964,0.999728
DL_101,5002,5,5,5,5,5,5,5,1.041085,1.033003,1.049293,0.122507,1
DL_102,8017,5,5,5,0,0,0,0,1.013848,1.0102,1.017523,0.049531,0.999875
DL_103,38599,7,7,7,0,7.557,7.041786,14.424669,1.030739,1.028232,1.033258,0.091364,0.999974
DL_104,3541,9,9,9,0,9.395044,9.026109,14.977253,2.126042,2.061906,2.194297,0.98612,0.999718
DL_105,1614,3,3,3,3,3,3,3,1.060268,1.043104,1.078007,0.145896,1
DL_106,1698,5,6,5.07406,18.502615,0,0,0,1.421942,1.373,1.474502,0.549256,0.998822
DL_107,2819,7,13,7.962505,44.402388,0,0,0,1.44498,1.405842,1.486361,0.563726,0.998581
DL_108,4215,8,14,8.9584,45.5626,44.4,20.394705,114.89726,1.269471,1.245049,1.29487,0.429963,0.999051
DL_109,5614,4,5,4.075339,17.273425,0,0,0,1.018344,1.013337,1.023401,0.055628,0.999644
DL_11,4161,3,4,3.077375,15.924098,0,0,0,1.000962,0.999637,1.002291,0.007296,0.999519
DL_110,4888,4,5,4.075339,17.273425,0,0,0,1.005748,1.002757,1.008757,0.023513,0.999591
DL_111,1397,2,2,2,2,0,0,0,1.023185,1.011953,1.03467,0.062577,1
DL_112,4561,2,2,2,0,0,0,0,1.000439,0.999584,1.001295,0.00336,0.999781
DL_113,1486,2,2,2,2,2,2,2,1.004049,0.99951,1.008629,0.015198,1
DL_114,1510,3,4,3.077375,15.924098,0,0,0,1.002655,0.999006,1.006331,0.017973,0.998675
DL_115,2938,3,3,3,3,3,3,3,1.003412,1.000443,1.006399,0.014841,1
DL_116,3982,3,3,3,0,4.111111,3.080128,18.40741,1.002012,1.000053,1.003978,0.010247,0.999749
DL_117,3296,4,7,4.373525,28.094805,0,0,0,1.001823,0.999774,1.003881,0.013478,0.99909
DL_118,829,3,3,3,0,0,0,0,1.998742,1.979008,2.018873,0.704577,0.998794
DL_119,4057,7,7,7,7,7,7,7,2.00123,1.970493,2.032941,0.793106,1
DL_12,7321,8,9,8.072055,21.878333,9.391667,8.146576,21.213204,1.021063,1.016332,1.025839,0.075335,0.999727
DL_120,2101,6,6.5,6.030262,14.261169,12.268826,7.465032,32.824109,1.276969,1.243022,1.312823,0.407032,0.999048
DL_121,1317,4,5,4.075339,17.273425,0,0,0,1.613907,1.555762,1.676568,0.584417,0.998481
DL_122,1773,1,1,1,1,0,0,0,1,1,1,0,1
DL_123,2778,4,4,4,0,4.6,4.102431,7.514563,1.004333,1.000891,1.0078,0.020814,0.99964
DL_124,3307,6,6,6,6,6,6,6,1.29135,1.262006,1.322092,0.469512,1
DL_125,2942,9,9,9,0,10.58612,9.200219,21.565108,1.488803,1.447473,1.532562,0.644645,0.99966
DL_126,1412,5,5,5,5,5,5,5,1.471696,1.416713,1.53112,0.565386,1
DL_127,5668,5,5.5,5.030262,13.261169,8,5.569395,20.806245,1.423906,1.398524,1.450227,0.481748,0.999647
DL_128,2925,5,5,5,5,5,5,5,1.946293,1.91608,1.977473,0.720367,1
DL_129,1961,4,4,4,0,5,4.195576,9.113106,1.750115,1.703403,1.799461,0.63289,0.99949
DL_13,7591,4,4,4,4,0,0,0,1.035586,1.029499,1.041747,0.105482,1
DL_130,1589,1,1,1,1,0,0,0,1,1,1,0,1
DL_131,5255,3,4,3.077375,15.924098,0,0,0,1.000762,0.999712,1.001813,0.005918,0.999619
DL_132,7315,6,6.5,6.030262,14.261169,9,6.520571,23.288711,1.008248,1.005311,1.011202,0.033299,0.999727
DL_133,4003,1,1,1,1,0,0,0,1,1,1,0,1
DL_134,7488,3,3,3,0,4.125,3.079033,19.013799,1.001337,1.000172,1.002504,0.006785,0.999866
DL_135,17746,5,5,5,5,5,5,5,1.039084,1.034927,1.043274,0.098752,1
DL_136,8754,5,5,5,0,5.825073,5.067196,15.130736,1.021261,1.016932,1.025627,0.063297,0.999886
DL_137,7215,3,3,3,0,0,0,0,1.017057,1.012799,1.021351,0.050329,0.999861
DL_138,4528,8,14,8.9584,45.5626,22.446959,12.321676,56.294829,1.939779,1.91843,1.961609,0.702362,0.999117
DL_139,1918,4,4,4,0,5,4.195576,9.113106,1.993904,1.977985,2.01008,0.704936,0.999479
DL_14,11490,5,5,5,5,5,5,5,1.035811,1.030839,1.04083,0.107397,1
DL_140,13016,16,18,16.249903,32.006186,23.185585,18.078103,40.846042,1.915871,1.900431,1.931564,0.71796,0.999693
DL_141,6880,9,9,9,0,9.503111,9.04033,15.276292,1.793114,1.767469,1.819514,0.673035,0.999855
DL_142,9053,13,14,13.093649,23.678164,15.453762,13.39479,28.251008,1.897614,1.877851,1.917799,0.715204,0.999669
DL_143,13976,40,45.25,40.998395,67.606806,45.355606,41.280606,62.397613,3.526714,3.490951,3.563217,1.496679,0.999499
DL_144,8295,11,11,11,0,11.458008,11.036748,16.708311,1.082667,1.073507,1.091985,0.223337,0.999879
DL_145,6362,8,8,8,0,8.694444,8.054047,16.922855,1.068442,1.059007,1.078047,0.193667,0.999843
DL_146,10282,9,9,9,0,9.650206,9.054904,16.70006,1.178031,1.165182,1.191167,0.391005,0.999903
DL_147,34132,15,20,15.777869,47.13908,31.123352,20.773576,60.026254,1.157766,1.151197,1.16441,0.353402,0.999854
DL_148,8112,10,11,10.071362,24.013084,11.47619,10.159878,23.62999,1.396257,1.372477,1.420876,0.626682,0.999753
DL_149,44272,19,19,19,0,19.289768,19.019855,23.228994,1.386231,1.375967,1.396649,0.655477,0.999977
DL_15,9144,8,8,8,0,8.565972,8.038547,16.309942,1.037659,1.03194,1.043442,0.117461,0.999891
DL_150,27500,14,15.5,14.149231,29.077277,18.703001,15.127006,33.625643,1.232874,1.223586,1.242305,0.464536,0.999891
DL_151,27513,17,17.25,17.013038,21.793627,18.404412,17.178538,28.047328,1.405645,1.393397,1.418111,0.566433,0.999927
DL_152,7867,8,8,8,8,8,8,8,1.023456,1.018647,1.028311,0.074291,1
DL_153,9413,13,13,13,0,13.497542,13.042456,18.830763,1.050035,1.043487,1.056667,0.152919,0.999894
DL_154,1032,11,11,11,0,11.705729,11.065318,18.625026,2.831905,2.628881,3.068912,1.401535,0.999031
DL_155,6183,15,15,15,0,15.546977,15.047056,21.358101,1.801458,1.755717,1.849646,0.98532,0.999838
DL_156,12558,13,14,13.070711,27.142104,14.105851,13.114589,23.672083,1.671757,1.643631,1.700861,0.868925,0.999841
DL_157,88578,18,19,18.070098,32.265759,18.94335,18.097784,27.100735,1.060189,1.05782,1.062568,0.174864,0.999977
DL_158,9218,9,9,9,9,9,9,9,1.487905,1.465827,1.510658,0.566177,1
DL_159,42613,29,29,29,0,29.318629,29.022536,33.504902,2.196367,2.187182,2.205629,0.96241,0.999977
DL_16,10986,7,7.333333,7.018627,12.964957,8.428571,7.417591,11.887123,1.004931,1.003081,1.006788,0.021806,0.999818
DL_160,4515,5,5,5,5,5,5,5,1.862649,1.833988,1.89222,0.685204,1
DL_161,3704,11,17,11.949145,48.928859,14.252231,11.532701,30.855425,2.015313,2.00031,2.030542,0.746777,0.99892
DL_162,1253,4,4,4,4,4,4,4,1.620201,1.556404,1.689451,0.62789,1
DL_163,8497,7,7,7,7,7,7,7,1.009956,1.006956,1.012974,0.039967,1
DL_164,8054,2,2,2,0,0,0,0,1.000248,0.999764,1.000733,0.002015,0.999876
DL_165,8040,5,6,5.07406,18.502615,7.029932,5.209037,24.7124,1.003991,1.002046,1.005943,0.018039,0.999751
DL_166,10340,8,8,8,8,8,8,8,1.021404,1.017384,1.025456,0.078179,1
DL_167,59484,12,13,12.070893,26.105804,13.339518,12.15223,23.786805,1.006247,1.00535,1.007146,0.026728,0.999966
DL_168,10195,8,8.333333,8.018627,13.964957,9.527778,8.177575,21.144355,1.011465,1.008525,1.014423,0.044209,0.999804
DL_169,4871,3,3,3,3,3,3,3,1.003704,1.0013,1.006121,0.01491,1
DL_17,5787,2,2,2,0,0,0,0,1.000346,0.999672,1.00102,0.002714,0.999827
DL_170,2127,2,2,2,0,0,0,0,1.000941,0.99911,1.002779,0.006637,0.99953
DL_171,5887,8,9,8.093649,18.678164,15.872097,10.266488,35.341828,1.006484,1.003584,1.009401,0.030972,0.99949
DL_172,6104,1,1,1,1,0,0,0,1,1,1,0,1
DL_173,2769,9,12,9.359347,34.045409,14.964395,10.51169,32.53261,1.213304,1.186352,1.241508,0.416887,0.998917
DL_174,4842,7,7,7,0,7.744898,7.063691,15.711912,1.034216,1.026756,1.041784,0.107517,0.999793
DL_175,2691,8,8,8,8,8,8,8,1.051611,1.039188,1.064335,0.161763,1
DL_176,2889,3,3,3,3,3,3,3,1.004166,1.000856,1.007497,0.017089,1
DL_177,2765,6,7,6.073182,19.664578,7.233333,6.123183,18.348435,1.012405,1.006543,1.018336,0.050381,0.999277
DL_178,1488,2,2,2,0,0,0,0,1.001346,0.998729,1.003976,0.009106,0.999328
DL_179,2189,11,11,11,11,11,11,11,1.850458,1.785094,1.92079,0.893407,1
DL_18,4400,7,7.75,7.066559,15.451092,10,8.531043,12.878344,1.004104,1.001439,1.006783,0.023901,0.999318
DL_180,3392,13,13,13,13,13,13,13,1.412074,1.375457,1.450695,0.651719,1
DL_181,10443,24,25,24.093649,34.678164,26.073617,24.327996,37.109582,1.327594,1.308648,1.347097,0.673805,0.999713
DL_182,702,9,12,9.359347,34.045409,13.131313,9.530396,41.179281,1.307947,1.24131,1.382144,0.587554,0.995726
DL_183,7450,12,12,12,0,12.32,12.031689,15.231369,1.687542,1.661461,1.714456,0.645422,0.999866
DL_184,2592,7,7,7,0,8.872,7.262138,20.368478,1.992539,1.927042,2.062644,0.910474,0.999614
DL_185,1439,2,2,2,2,0,0,0,1.016829,1.007412,1.026424,0.048222,1
DL_186,1522,1,1,1,1,0,0,0,1,1,1,0,1
DL_187,3179,4,4,4,0,5,4.195576,9.113106,1.012677,1.007159,1.018255,0.043923,0.999685
DL_188,8619,6,6,6,0,6.70059,6.057374,14.554897,1.074939,1.066569,1.083442,0.166627,0.999884
DL_189,3395,2,2,2,2,0,0,0,1.061285,1.049374,1.07347,0.133871,1
DL_19,2950,4,4,4,0,4.75,4.159477,7.527163,1.003399,1.00044,1.006374,0.017754,0.999661
DL_190,6949,6,7,6.073182,19.664578,9.30931,6.621131,23.631607,1.068299,1.059416,1.077332,0.159733,0.999712
DL_191,7426,3,3,3,3,3,3,3,1.039852,1.033376,1.04641,0.099567,1
DL_192,7997,12,22,13.909407,64.372289,31.325661,19.184577,63.983736,1.453491,1.427795,1.480128,0.641021,0.999375
DL_193,9168,18,20,18.249903,34.006186,21.950934,18.75611,38.644978,1.548865,1.520214,1.578616,0.815816,0.999564
DL_194,6079,5,6,5.07406,18.502615,7.111111,5.228163,24.533327,1.003298,1.001266,1.005338,0.016339,0.999671
DL_195,4256,1,1,1,1,0,0,0,1,1,1,0,1
DL_196,3388,4,5,4.075339,17.273425,7.666667,4.359644,41.382606,1.002958,1.000383,1.005547,0.016199,0.99941
DL_197,5060,5,5.333333,5.018627,10.964957,7,5.816792,9.897208,1.002376,1.000486,1.004272,0.014073,0.999605
DL_198,7440,12,13.5,12.180377,24.473897,15.803077,12.643015,34.493104,1.027662,1.022261,1.03312,0.097303,0.999462
DL_199,3054,11,21,12.913085,63.271595,39.006267,21.917961,82.840428,1.215845,1.189686,1.243179,0.447376,0.998363
DL_2,4599,2,2,2,2,0,0,0,1.008299,1.004593,1.012032,0.0268,1
DL_20,3767,4,4.5,4.030262,12.261169,7,4.652242,17.798569,1.002127,1.000056,1.004207,0.013134,0.999469
DL_200,3449,14,19,14.777869,46.13908,35.62783,22.224855,70.871885,1.493627,1.450845,1.53901,0.771209,0.99855
DL_201,5150,6,6.333333,6.018627,11.964957,7.428571,6.44824,10.552951,1.003504,1.001229,1.00579,0.019,0.999612
DL_202,4141,9,19,10.92167,61.03806,28.171027,15.996316,61.531688,1.009727,1.005486,1.014003,0.046312,0.998793
DL_203,7604,19,20.5,19.180377,31.473897,21.664275,19.488693,33.525179,1.087092,1.077248,1.097117,0.244786,0.999474
DL_204,574,11,11,11,11,11,11,11,2.854507,2.625682,3.127023,1.388442,1
DL_205,2521,17,17.5,17.030262,25.261169,18.514178,17.176912,29.959765,3.2834,3.170667,3.404446,1.523681,0.999207
DL_206,3781,14,17,14.353901,39.430851,22.142699,16.091843,45.696238,2.748341,2.652951,2.850846,1.376421,0.999207
DL_207,2374,14,15,14.070554,28.173507,15.477941,14.178087,26.26542,3.557222,3.43964,3.683129,1.515384,0.999158
DL_208,3686,17,20,17.351992,42.568783,19.58,17.340866,36.527917,4.081168,3.947012,4.224765,1.723496,0.999186
DL_209,8687,4,4,4,0,4.5,4.073464,7.403007,1.001613,1.000425,1.002805,0.008365,0.999885
DL_21,4354,5,5.5,5.030262,13.261169,6.786667,5.193148,21.527141,1.003223,1.000851,1.005607,0.01751,0.999541
DL_210,2773,5,5.5,5.030262,13.261169,8,5.569395,20.806245,1.013088,1.007084,1.019164,0.048941,0.999279
DL_211,13790,4,4,4,0,5.111111,4.079997,19.432584,1.005674,1.003903,1.007452,0.021088,0.999927
DL_212,2934,1,1,1,1,0,0,0,1,1,1,0,1
DL_213,8201,5,5,5,0,5.393519,5.026217,10.906755,1.003178,1.00146,1.004901,0.014822,0.999878
DL_214,3580,27,28.5,27.149231,42.077277,28.506439,27.21428,37.590611,2.876414,2.761282,3.001564,1.616582,0.999162
DL_215,1856,18,18.75,18.066559,26.451092,21.104567,18.531998,36.117259,2.029464,1.935646,2.132839,1.161168,0.998384
DL_216,2323,12,12,12,0,12.537856,12.044971,18.432726,2.249535,2.163183,2.343067,1.100255,0.99957
DL_217,3695,19,19,19,0,19.323134,19.022672,23.605594,2.849894,2.77766,2.925986,1.352141,0.999729
DL_218,2746,5,6,5.07406,18.502615,0,0,0,2.077318,2.056811,2.098239,0.780999,0.999272
DL_219,8101,12,13.5,12.149231,27.077277,13.97128,12.28117,25.820611,1.733888,1.709128,1.759375,0.661797,0.99963
DL_22,4108,6,6,6,6,6,6,6,1.892992,1.863588,1.92334,0.705525,1
DL_220,1648,4,4,4,0,5.832031,4.222481,19.08596,1.755961,1.703403,1.811866,0.650377,0.999393
DL_221,6099,6,6,6,6,6,6,6,2.044636,2.034083,2.0553,0.753676,1
DL_222,6872,3,3,3,0,4.801749,3.214827,18.111244,1.002332,1.000726,1.003943,0.010366,0.999854
DL_223,4234,4,7,4.373525,28.094805,0,0,0,1.001419,0.999823,1.003019,0.010774,0.999291
DL_224,4518,13,16,13.39133,35.998494,22.391402,15.848254,43.965784,1.069079,1.057843,1.080557,0.208683,0.999115
DL_225,6079,11,11,11,0,11.43563,11.034122,16.561543,1.028191,1.022153,1.0343,0.102217,0.999835
DL_226,4287,5,5,5,0,5.553207,5.037066,13.256676,1.012231,1.007553,1.016954,0.045613,0.999767
DL_227,8991,2,2,2,0,0,0,0,1.000222,0.999789,1.000657,0.001824,0.999889
DL_228,832,13,14.5,13.149231,28.077277,14.726454,13.2457,25.131222,1.215814,1.166023,1.270047,0.526621,0.996394
DL_229,4316,12,12,12,0,12.465333,12.039599,17.468199,1.094051,1.080565,1.107878,0.235518,0.999768
DL_23,2882,5,6,5.07406,18.502615,12.733333,6.618313,41.9548,1.046251,1.035045,1.057702,0.121363,0.999306
DL_230,1476,12,15,12.39133,34.998494,44.196078,25.316556,89.842008,1.545961,1.477631,1.620917,0.808244,0.99729
DL_231,6570,7,7.5,7.030262,15.261169,10.394923,7.652915,24.652393,1.014132,1.010064,1.018234,0.052146,0.999696
DL_232,7522,5,8,5.369122,29.382198,21.125,9.0246,69.60657,1.001864,1.000491,1.00324,0.011041,0.999601
DL_233,6608,2,2,2,2,2,2,2,1.001515,1.000195,1.002838,0.006231,1
DL_234,4953,2,2,2,2,2,2,2,1.001212,0.999849,1.002579,0.005328,1
DL_235,8981,6,6,6,6,6,6,6,1.017095,1.013265,1.020955,0.055736,1
DL_236,1980,4,4,4,4,4,4,4,1.014275,1.006854,1.021807,0.049973,1
DL_237,4884,7,7.5,7.030262,15.261169,9.222222,7.251676,26.621519,1.015727,1.010745,1.020757,0.058678,0.99959
DL_238,7493,5,5,5,5,5,5,5,1.010749,1.007433,1.014087,0.038527,1
DL_24,4716,4,5,4.075339,17.273425,0,0,0,1.038041,1.030123,1.046081,0.097566,0.999576
DL_240,11768,6,6,6,0,6.443759,6.030565,12.442707,1.011812,1.009035,1.014605,0.041991,0.999915
DL_241,6189,1,1,1,1,0,0,0,1,1,1,0,1
DL_242,4581,4,4.5,4.030262,12.261169,7,4.652242,17.798569,1.001749,1.000046,1.003457,0.011035,0.999563
DL_243,10073,4,4,4,0,5.759259,4.203296,19.224043,1.05488,1.048313,1.06153,0.127232,0.999901
DL_244,1809,3,3,3,3,3,3,3,1.14166,1.11637,1.168122,0.250853,1
DL_245,6344,5,5,5,0,6,5.174723,10.723337,1.141967,1.128256,1.156015,0.259255,0.999842
DL_246,4894,4,5,4.075339,17.273425,0,0,0,1.007387,1.003997,1.010801,0.028273,0.999591
DL_247,11323,6,6.333333,6.018627,11.964957,8,6.689187,11.80394,1.016572,1.013217,1.019949,0.051895,0.999823
DL_248,14108,11,11.5,11.030262,19.261169,11.864347,11.094818,18.879253,1.021829,1.018363,1.025319,0.071464,0.999858
DL_249,11603,6,6,6,0,0,0,0,1.045858,1.040214,1.051563,0.137513,0.999914
DL_25,9265,7,8,7.072542,20.78512,8.367347,7.14365,20.015263,1.00607,1.003832,1.008317,0.026541,0.999784
DL_250,2669,6,7,6.073182,19.664578,9.234317,6.570988,24.320539,1.026703,1.017884,1.035675,0.090357,0.999251
DL_251,16193,8,9,8.072055,21.878333,9.959425,8.199592,27.235948,1.632904,1.615587,1.650597,0.600186,0.999876
DL_252,3582,4,4,4,4,0,0,0,2.011451,1.960653,2.064951,0.862079,1
DL_253,4273,7,7,7,0,0,0,0,1.556271,1.521411,1.592765,0.62943,0.999766
DL_254,5768,4,4,4,4,4,4,4,1.030306,1.023921,1.03677,0.082841,1
DL_255,14100,4,4,4,0,5.125,4.078959,20.028963,1.024851,1.021157,1.028571,0.068475,0.999929
DL_256,9829,3,3,3,3,3,3,3,1.048361,1.042136,1.054662,0.11495,1
DL_257,9069,6,7,6.073182,19.664578,14.401361,7.890255,43.340398,1.047497,1.041063,1.054012,0.12117,0.999779
DL_258,7940,3,3,3,0,0,0,0,1.044537,1.03791,1.05125,0.106465,0.999874
DL_259,8168,9,12,9.359347,34.045409,11.91199,9.390555,30.711887,1.532522,1.5091,1.556682,0.558145,0.999633
DL_26,5922,5,5,5,5,5,5,5,1.018115,1.013251,1.023025,0.061316,1
DL_260,3864,19,20.5,19.180377,31.473897,21.315789,19.772585,25.941478,2.141289,2.107711,2.175954,0.935583,0.998965
DL_261,5417,12,40,19.458193,117.1193,97.013333,37.056939,300.433748,1.077665,1.066819,1.088734,0.19899,0.998523
DL_262,9258,36,36,36,0,36.337146,36.025554,40.448176,1.526682,1.498111,1.556364,0.99189,0.999892
DL_263,1733,23,24.5,23.149231,38.077277,24.499044,23.216219,33.392856,1.763028,1.676189,1.859357,1.208874,0.998269
DL_264,9590,25,27,25.286466,38.963265,28.876144,25.867891,42.311488,1.089364,1.080412,1.098466,0.274497,0.999479
DL_265,4600,7,7,7,0,7.6,7.090659,10.970925,1.822613,1.773842,1.874141,0.839404,0.999783
DL_266,6197,8,8,8,8,8,8,8,1.740973,1.708066,1.775174,0.722128,1
DL_267,6104,11,11,11,0,11.447,11.034873,16.729607,1.649673,1.612584,1.688508,0.787345,0.999836
DL_268,1930,8,9,8.072055,21.878333,17.268519,10.279145,45.691964,1.988585,1.905306,2.079478,0.959132,0.998964
DL_269,4797,14,14.5,14.030262,22.261169,15.26258,14.161864,23.84844,1.671107,1.628017,1.716539,0.821285,0.999583
DL_27,4512,6,6,6,6,6,6,6,1.124953,1.109487,1.140856,0.279583,1
DL_270,5431,8,8,8,8,8,8,8,1.182595,1.16472,1.201027,0.399596,1
DL_271,4219,13,16,13.354704,38.373251,20.92889,14.965987,44.977472,1.79563,1.745687,1.848515,0.903396,0.999289
DL_272,2719,20,20,20,20,20,20,20,2.012896,1.946367,2.084134,1.039897,1
DL_273,6623,16,16.25,16.013038,20.793627,16.727273,16.122264,20.326085,1.069774,1.060456,1.079258,0.200853,0.999698
DL_274,6096,12,18,12.946782,50.023526,20.739077,14.609046,41.271806,1.051611,1.043339,1.060015,0.160034,0.999344
DL_275,4504,11,14,11.356675,36.233049,12.837755,11.243938,24.845112,1.691419,1.657433,1.726829,0.660477,0.999334
DL_276,2326,2,2,2,2,0,0,0,1.147008,1.124248,1.17071,0.250492,1
DL_277,2571,5,5,5,0,5.75,5.145597,8.863402,1.395566,1.359178,1.433957,0.47287,0.999611
DL_278,3587,9,12,9.359347,34.045409,14.438768,10.312556,31.536331,2.023286,2.004631,2.042291,0.760602,0.999164
DL_279,6489,27,30.333333,27.503451,49.06988,29.764782,27.565886,40.508067,1.185763,1.169199,1.202803,0.453958,0.999229
DL_28,5244,13,18,13.777869,45.13908,22.444444,14.564161,70.025797,1.598945,1.562271,1.637383,0.753936,0.999047
DL_280,4826,11,12.5,11.149231,26.077277,12.55368,11.216216,22.164419,1.013391,1.008769,1.018057,0.058751,0.999378
DL_281,5061,8,8,8,0,8.420728,8.033005,13.363182,1.00955,1.005747,1.013381,0.041132,0.999802
DL_282,7482,19,19.75,19.066559,27.451092,20.49031,19.224363,28.899264,1.055814,1.048009,1.063735,0.182657,0.999599
DL_283,6648,7,7,7,0,7.862085,7.078228,16.500276,1.786306,1.754863,1.818896,0.724872,0.99985
DL_284,5767,14,14,14,0,14.423611,14.032011,19.605858,1.60118,1.567,1.636884,0.75583,0.999827
DL_285,4588,10,10,10,0,10.252898,10.015443,14.141519,1.706567,1.666864,1.748208,0.740644,0.999782
DL_286,6919,10,10.5,10.030262,18.261169,11.378676,10.160736,21.825304,1.329141,1.306327,1.352767,0.559434,0.999711
DL_287,5548,9,9,9,0,9.5,9.067718,12.691796,1.048377,1.040009,1.056881,0.145084,0.99982
DL_288,7651,1,1,1,1,0,0,0,1,1,1,0,1
DL_289,6675,16,17.5,16.149231,31.077277,17.976393,16.299385,29.04716,1.064512,1.055575,1.073602,0.204016,0.999551
DL_29,8624,13,13.5,13.030262,21.261169,15.031189,13.270578,28.247817,1.226965,1.210944,1.243416,0.451924,0.999768
DL_290,9262,9,12,9.39133,31.998494,29.404959,15.895482,69.381905,1.123781,1.11322,1.134545,0.24068,0.999568
DL_291,3044,4,4,4,0,5,4.195576,9.113106,1.553998,1.516127,1.593809,0.550633,0.999671
DL_292,7132,5,6,5.07406,18.502615,6.877551,5.196964,22.897687,1.002528,1.000886,1.004176,0.013193,0.99972
DL_293,10384,7,7,7,0,7.584,7.039992,15.528199,1.032472,1.027501,1.037492,0.103329,0.999904
DL_294,4823,13,13,13,13,13,13,13,1.276298,1.251833,1.301739,0.545878,1
DL_295,2034,23,28,23.777869,55.13908,27.43952,23.893108,45.068256,2.150804,2.04193,2.271941,1.340013,0.997542
DL_296,2820,21,21,21,21,21,21,21,4.418451,4.191768,4.671053,1.979784,1
DL_297,2112,23,23,23,23,23,23,23,7.621668,7.205516,8.088837,2.419357,1
DL_298,12721,6,6,6,0,6.3709,6.023423,11.873176,1.012994,1.010191,1.015812,0.044994,0.999921
DL_299,2450,4,4,4,4,4,4,4,1.015663,1.008669,1.022755,0.05259,1
DL_3,2165,3,3,3,0,0,0,0,1.948792,1.922817,1.975478,0.685151,0.999538
DL_30,8059,15,15.333333,15.018627,20.964957,16.063415,15.129817,23.711134,1.029397,1.024031,1.034819,0.110349,0.999752
DL_300,6506,14,14,14,0,14.404444,14.032162,19.085912,1.059571,1.050901,1.068384,0.18934,0.999846
DL_301,8478,27,33,27.929006,65.751082,29.215241,27.367144,40.366117,1.451679,1.424961,1.479418,0.879289,0.999528
DL_302,5636,3,3,3,3,3,3,3,1.002844,1.000886,1.00481,0.011984,1
DL_303,4026,1,1,1,1,0,0,0,1,1,1,0,1
DL_304,7696,9,9,9,9,9,9,9,1.610426,1.584188,1.637548,0.634966,1
DL_305,10049,5,5,5,5,5,5,5,1.062055,1.054956,1.069251,0.162143,1
DL_306,11478,6,7,6.093649,16.678164,9.75,7.568759,14.964095,1.001221,1.000321,1.002122,0.008223,0.999739
DL_307,1924,2,2,2,2,2,2,2,1.002082,0.999219,1.004962,0.009296,1
DL_308,11565,6,9,6.39133,28.998494,16,7.126442,94.775079,1.001038,1.000212,1.001866,0.007715,0.999654
DL_309,6676,7,7,7,0,7.525137,7.044386,13.212945,1.005413,1.002926,1.007913,0.025105,0.99985
DL_31,5900,10,11,10.071362,24.013084,18.892857,12.099226,47.672416,1.138359,1.123904,1.15319,0.323509,0.999661
DL_310,4180,6,6,6,0,6.536621,6.043564,12.610102,1.008181,1.004314,1.012078,0.034635,0.999761
DL_311,2312,3,3,3,0,0,0,0,1.022764,1.014085,1.031592,0.065838,0.999567
DL_312,5630,6,6.5,6.030262,14.261169,11.508587,7.205085,31.180401,1.030713,1.024201,1.037309,0.088686,0.999645
DL_313,5567,4,4,4,0,5,4.195576,9.113106,1.021436,1.015994,1.026938,0.062722,0.99982
DL_314,13054,3,3,3,0,0,0,0,1.006919,1.004909,1.008938,0.023852,0.999923
DL_315,2078,8,13,8.777869,40.13908,23,9.36057,173.371875,1.0424,1.029787,1.055325,0.12969,0.997594
DL_316,3259,10,10,10,0,10.397149,10.025814,16.110044,1.347247,1.312776,1.383576,0.623881,0.999693
DL_317,3328,14,14,14,14,14,14,14,1.993516,1.916592,2.076873,1.200706,1
DL_318,2270,16,16.5,16.030262,24.261169,17.115986,16.131104,25.499492,1.635452,1.571894,1.704366,0.946396,0.999119
DL_319,797,15,36,20.116272,101.19558,108.223958,64.162786,191.774085,1.980507,1.833884,2.152614,1.192567,0.991217
DL_32,8944,12,13.5,12.149231,27.077277,13.9312,12.28091,25.276614,1.172498,1.159596,1.185691,0.308062,0.999665
DL_320,1723,22,22.333333,22.018627,27.964957,23.352138,22.164136,33.138765,4.148835,3.924628,4.400211,1.907673,0.998839
DL_321,1338,22,25.333333,22.503451,44.06988,27.468598,23.157229,47.842384,1.660814,1.573784,1.758032,1.103377,0.996263
DL_322,3475,29,30.5,29.149231,44.077277,30.703096,29.242033,40.984074,5.132394,4.953737,5.324419,2.032544,0.999137
DL_323,1516,3,4,3.077375,15.924098,0,0,0,1.002645,0.99901,1.006306,0.01791,0.998681
DL_324,4680,8,11,8.361075,32.925579,12.131313,8.530417,40.178004,1.022999,1.01682,1.029254,0.081061,0.999359
DL_325,4935,8,8.5,8.030262,16.261169,12.67284,8.933678,31.386454,1.100044,1.087007,1.113398,0.234928,0.999595
DL_326,8002,16,21,16.777869,48.13908,24.687809,18.776648,43.183147,1.103281,1.092861,1.113902,0.245883,0.999375
DL_327,1219,16,16,16,16,16,16,16,2.810276,2.620146,3.030159,1.526846,1
DL_328,2324,30,45,33.243414,99.371338,36.072356,31.263335,59.187426,2.632564,2.48863,2.79417,1.698094,0.997418
DL_329,1278,23,23.333333,23.018627,28.964957,24.235659,23.155199,32.83801,5.306336,4.962682,5.701125,2.107289,0.998435
DL_33,7439,26,28.5,26.368021,42.982713,28.804784,26.566392,39.889353,1.300535,1.28055,1.321154,0.527935,0.999328
DL_330,2094,38,38.5,38.030262,46.261169,38.565517,38.056909,43.619626,10.085795,9.450125,10.813151,2.78856,0.999045
DL_331,649,24,25.5,24.149231,39.077277,26.16141,24.337054,37.860358,8.650841,7.718189,9.839875,2.549579,0.995378
DL_332,6699,6,7,6.073182,19.664578,7.713187,6.193776,21.146374,1.005695,1.003148,1.008255,0.02526,0.999701
DL_333,6294,19,29,20.891027,71.881326,51,31.600722,100.265182,1.325577,1.301248,1.350833,0.671501,0.999206
DL_334,4843,4,4,4,0,5.111111,4.079997,19.432584,1.010805,1.006677,1.014967,0.037644,0.999794
DL_335,2413,4,4,4,4,4,4,4,1.035572,1.024854,1.046517,0.101338,1
DL_336,7068,4,4,4,0,0,0,0,1.009394,1.006205,1.012604,0.034211,0.999859
DL_337,3821,12,17,12.777869,44.13908,22.50839,15.409887,44.38414,1.029935,1.022092,1.037898,0.112787,0.998691
DL_338,7568,13,16,13.354704,38.373251,20.92889,14.965987,44.977472,1.132702,1.120101,1.14559,0.34414,0.999604
DL_339,1388,7,7,7,0,7.39999,7.027827,12.749564,1.114399,1.088045,1.142062,0.27661,0.99928
DL_34,2443,7,13,7.962505,44.402388,0,0,0,1.817081,1.767372,1.869666,0.732513,0.998363
DL_340,3254,10,10.5,10.030262,18.261169,13.74964,10.754649,28.630902,1.137935,1.11871,1.157834,0.313204,0.999385
DL_341,5048,17,22,17.777869,49.13908,22.744048,18.189428,44.739448,1.210935,1.191183,1.231354,0.423733,0.99901
DL_342,5137,8,14,8.9584,45.5626,20.486511,11.415851,53.643959,1.010983,1.006934,1.015064,0.046223,0.999221
DL_343,2126,19,25,19.935733,57.472523,21.899117,19.520306,35.153733,2.277588,2.184391,2.379091,1.167746,0.998119
DL_344,3431,13,18,13.777869,45.13908,18.276406,14.00888,40.595421,1.081535,1.067523,1.095919,0.223284,0.998543
DL_345,6674,1,1,1,1,0,0,0,1,1,1,0,1
DL_346,13412,3,3,3,0,4.111111,3.080128,18.40741,1.000597,1.000015,1.001179,0.003472,0.999925
DL_347,2881,2,2,2,2,2,2,2,1.002782,1.000076,1.005502,0.010693,1
DL_348,6014,5,5,5,0,5.515625,5.034542,12.697018,1.009368,1.005916,1.012843,0.035197,0.999834
DL_349,8255,5,5,5,0,6.740213,5.230162,18.15741,1.00657,1.004104,1.009048,0.026349,0.999879
DL_35,3754,8,9,8.072055,21.878333,16.892857,10.10319,45.601411,1.063402,1.051641,1.075428,0.187199,0.999467
DL_350,2936,20,23,20.39133,42.998494,23.042092,20.53025,37.452749,2.074141,2.010819,2.141581,1.053194,0.998638
DL_351,2181,12,13,12.070893,26.105804,15.666667,12.35908,49.441406,3.27893,3.116947,3.458673,1.558029,0.999083
DL_352,2538,22,23.5,22.149231,37.077277,24.211538,22.317212,37.41838,3.371974,3.19105,3.574647,1.764647,0.998818
DL_353,1794,15,15,15,15,15,15,15,2.829977,2.676706,3.001866,1.511504,1
DL_354,3691,13,13,13,13,13,13,13,1.994995,1.931271,2.063068,1.048861,1
DL_355,1327,4,4,4,0,4.621094,4.045135,12.546726,1.013694,1.00483,1.022715,0.051713,0.999246
DL_356,2264,20,23,20.350598,45.670455,22.6176,20.401678,37.058025,2.209221,2.123509,2.302144,1.197824,0.998675
DL_357,3046,26,26.75,26.066559,34.451092,26.990837,26.13374,33.340816,1.156357,1.134466,1.17911,0.460553,0.999015
DL_358,5112,10,10.5,10.030262,18.261169,11.15917,10.128536,20.453713,1.062737,1.052731,1.072936,0.180257,0.999609
DL_359,1298,11,11,11,11,11,11,11,1.844243,1.741691,1.959627,1.074183,1
DL_36,6694,9,10.5,9.149231,24.077277,11.848485,9.395228,29.529559,1.288907,1.268119,1.310387,0.468052,0.999552
DL_360,4535,11,11,11,0,11.619141,11.044844,19.548157,1.556161,1.516818,1.597599,0.772037,0.999779
DL_361,1339,10,10,10,10,10,10,10,2.125619,2.076613,2.176993,0.890299,1
DL_362,6359,29,30,29.069484,43.391869,29.774817,29.079677,36.534716,2.936646,2.875025,3.000966,1.499113,0.999685
DL_363,1825,6,6,6,0,6.452,6.031209,12.546404,1.301072,1.26258,1.341984,0.444991,0.999452
DL_364,4115,7,8,7.072542,20.78512,15.892857,9.105555,44.559178,1.154394,1.136383,1.172985,0.303803,0.999514
DL_365,4264,11,17,11.949145,48.928859,15.881481,11.766891,42.072044,1.159753,1.141678,1.178409,0.322543,0.999062
DL_366,4643,6,6.5,6.030262,14.261169,9,6.520571,23.288711,1.150131,1.133413,1.167349,0.291296,0.999569
DL_367,3111,11,11,11,0,11.9375,11.078386,22.212588,2.441175,2.357806,2.530655,1.17211,0.999679
DL_368,6351,14,14,14,0,14.454711,14.034874,19.928858,2.303032,2.252064,2.35636,1.108061,0.999843
DL_369,1814,8,9,8.072055,21.878333,12.153704,8.877391,27.664261,2.196108,2.153898,2.240006,0.906342,0.998897
DL_37,5907,3,3,3,0,0,0,0,1.022258,1.016874,1.027698,0.062454,0.999831
DL_370,16329,15,15,15,0,15.357401,15.02606,19.901557,1.252853,1.24068,1.265268,0.442524,0.999939
DL_371,866,4,4,4,4,4,4,4,2.102425,2.057903,2.148917,0.808859,1
DL_372,4672,4,5,4.075339,17.273425,0,0,0,1.53269,1.50238,1.564248,0.537225,0.999572
DL_373,7789,6,9,6.365788,30.604402,0,0,0,1.100219,1.089789,1.110849,0.225956,0.999615
DL_374,2083,3,3,3,3,3,3,3,1.045249,1.03225,1.058579,0.112788,1
DL_375,2773,12,13.5,12.149231,27.077277,20.486955,14.374458,42.334667,1.972046,1.895722,2.054774,1.054479,0.998918
DL_376,4581,14,15,14.070554,28.173507,15.877551,14.196786,31.913892,2.30521,2.249962,2.363239,1.12765,0.999563
DL_377,1361,9,9.5,9.030262,17.261169,11.222222,9.251611,28.6266,2.260488,2.169369,2.359598,1.035937,0.99853
DL_378,4179,16,19,16.352558,41.527691,18.728401,16.436432,33.056868,2.005911,1.952166,2.0627,1.004015,0.999282
DL_379,902,8,8,8,0,8.370605,8.02551,13.384203,1.376383,1.31094,1.448703,0.6005,0.998891
DL_38,3683,3,3,3,0,0,0,0,1.015329,1.00969,1.021031,0.047396,0.999728
DL_380,3564,16,16,16,0,16.30015,16.02035,20.427051,1.960484,1.899317,2.025723,1.024675,0.999719
DL_381,8724,4,5,4.075339,17.273425,0,0,0,1.003216,1.001541,1.004896,0.014184,0.999771
DL_382,1530,12,12,12,0,12.34887,12.021477,17.667057,3.992044,3.831218,4.166965,1.589674,0.999346
DL_383,3023,32,32,32,32,32,32,32,3.102726,2.939754,3.284828,1.941526,1
DL_384,2280,31,31,31,31,31,31,31,4.599207,4.29903,4.944451,2.216199,1
DL_385,750,20,23,20.39133,42.998494,23.742007,20.706383,39.822967,3.202095,2.893973,3.583648,1.7805,0.994667
DL_386,708,9,9,9,0,10.58612,9.200219,21.565108,1.623822,1.515671,1.748593,0.897215,0.998588
DL_387,5636,13,16,13.39133,35.998494,18.643077,13.940433,46.861326,1.042379,1.034624,1.050252,0.143367,0.99929
DL_388,2963,8,9.5,8.149231,23.077277,14,8.776262,54.376114,1.699968,1.653956,1.748613,0.710392,0.998988
DL_389,6866,26,26,26,0,26.295595,26.019736,30.427184,2.81339,2.731539,2.900298,1.566476,0.999854
DL_39,3515,2,2,2,2,0,0,0,1.019538,1.013018,1.026144,0.054493,1
DL_390,4607,12,12,12,0,12.451556,12.031534,18.466071,2.228581,2.177356,2.282275,1.065857,0.999783
DL_391,12945,29,30,29.093649,39.678164,31.130967,29.353098,41.860517,2.70067,2.659282,2.743367,1.342081,0.999768
DL_392,2246,14,15.5,14.149231,29.077277,16.647636,14.412723,30.984701,2.479521,2.390146,2.575841,1.207467,0.998664
DL_393,8510,9,9.333333,9.018627,14.964957,10.981163,9.25603,24.330271,1.028981,1.02381,1.034204,0.094766,0.999765
DL_394,1137,16,19,16.39133,38.998494,19.493088,16.617301,35.766157,2.3445,2.192901,2.518616,1.312074,0.996482
DL_395,5356,33,35.5,33.368021,49.982713,37.606247,34.052067,53.167448,1.808929,1.756794,1.864254,1.212505,0.999066
DL_396,13319,59,74,62.215995,128.962789,61.549478,59.501424,71.962772,2.322285,2.270786,2.376174,1.653899,0.99955
DL_397,3369,21,24,21.350213,46.698655,26.09894,22.146079,43.685336,2.762133,2.641849,2.893892,1.585768,0.99911
DL_398,7720,19,19,19,0,19.8275,19.078081,27.769789,1.356097,1.333471,1.379503,0.643987,0.99987
DL_399,2156,27,27,27,0,27.278438,27.01825,31.24812,7.395644,6.989537,7.851853,2.436169,0.999536
DL_4,9976,4,4,4,4,4,4,4,1.011704,1.008706,1.01472,0.038531,1
DL_40,5195,8,8.5,8.030262,16.261169,9,8.219985,12.545773,1.016732,1.01175,1.021762,0.060965,0.999615
DL_400,1116,28,30,28.249903,44.006186,30.476209,28.439181,41.961457,7.17174,6.579816,7.880692,2.415209,0.996416
DL_401,4053,34,35,34.069334,48.422858,34.621738,34.059204,40.529259,7.264058,6.970862,7.583,2.449866,0.999507
DL_402,978,16,16.333333,16.018627,21.964957,17.340271,16.16795,26.695575,4.082696,3.815027,4.390759,1.732198,0.997955
DL_403,5821,4,4,4,0,5.12,4.077391,20.208705,1.188582,1.171975,1.205666,0.302051,0.999828
DL_404,6374,14,14,14,0,14.445597,14.036764,19.400777,2.158781,2.125246,2.193392,0.93256,0.999843
DL_405,4900,6,6.5,6.030262,14.261169,9,6.520571,23.288711,1.112604,1.098841,1.126716,0.225819,0.999592
DL_406,12815,4,4,4,4,4,4,4,1.061307,1.055129,1.067557,0.139412,1
DL_407,6101,6,6,6,0,7.832031,6.221679,21.140528,1.564017,1.536294,1.592759,0.57866,0.999836
DL_408,4786,6,6,6,0,6.358016,6.022003,11.825371,1.428586,1.400415,1.457914,0.506879,0.999791
DL_409,2187,20,20.5,20.030262,28.261169,21.652222,20.21652,32.607801,3.487234,3.332998,3.656438,1.651141,0.999086
DL_41,12078,4,5,4.075339,17.273425,11.733333,5.62088,40.896273,1.00116,1.000305,1.002016,0.006453,0.999834
DL_410,1973,8,9,8.072055,21.878333,10.065455,8.217744,27.59228,1.259057,1.22338,1.296878,0.474773,0.998986
DL_411,7261,12,18,12.946782,50.023526,15.92,12.676483,34.715131,1.04505,1.038014,1.052182,0.137089,0.999449
DL_412,9802,35,36,35.06931,49.428018,35.517842,35.047911,40.59702,3.082423,2.999711,3.169825,1.690108,0.999796
DL_413,2248,25,25,25,0,25.274723,25.019025,28.967076,1.599747,1.536409,1.668531,1.079533,0.999555
DL_414,4599,16,16,16,0,16.187433,16.010051,19.495266,2.689548,2.608364,2.775947,1.28792,0.999783
DL_415,5581,7,8,7.072542,20.78512,13.78,8.264737,43.346206,1.093349,1.081556,1.105403,0.217453,0.999642
DL_416,2374,5,6,5.07406,18.502615,0,0,0,1.918126,1.878723,1.959218,0.723957,0.999158
DL_417,3853,9,10,9.093649,19.678164,16.872097,11.264847,36.361639,2.006568,1.993019,2.020302,0.730709,0.999221
DL_418,983,9,9,9,9,9,9,9,1.513265,1.436623,1.598546,0.734736,1
DL_419,2557,6,6,6,6,6,6,6,1.021439,1.013385,1.029622,0.075728,1
DL_42,6628,6,9,6.39133,28.998494,16,7.126442,94.775079,1.001813,1.000371,1.003259,0.012734,0.999396
DL_420,15686,10,10,10,10,10,10,10,1.031859,1.027859,1.035889,0.09953,1
DL_421,2293,4,5,4.075339,17.273425,0,0,0,1.046446,1.033901,1.0593,0.117289,0.999128
DL_422,7514,4,4,4,4,4,4,4,1.015028,1.011111,1.018976,0.047134,1
DL_423,15235,23,28,23.777869,55.13908,26.506898,23.680311,41.077531,1.691663,1.672321,1.711457,0.695468,0.999672
DL_424,4037,7,7,7,0,8.832031,7.221416,22.158519,1.78795,1.750679,1.826843,0.715768,0.999752
DL_425,6377,13,28,16.287046,81.450513,85.964042,54.639224,140.854241,2.071169,2.057867,2.084644,0.801223,0.999059
DL_426,9955,4,4,4,0,5.872,4.262188,17.365935,1.017242,1.01359,1.02092,0.053432,0.9999
DL_427,3891,4,4,4,0,4.9375,4.078459,15.202082,1.004641,1.001629,1.007671,0.020434,0.999743
DL_428,6292,2,2,2,2,0,0,0,1.019257,1.014411,1.02415,0.053858,1
DL_429,7470,3,3,3,3,3,3,3,1.014845,1.010941,1.01878,0.045773,1
DL_43,8332,2,2,2,2,0,0,0,1.002644,1.001091,1.004202,0.010072,1
DL_430,15087,5,5,5,5,5,5,5,1.018082,1.015039,1.021143,0.056637,1
DL_431,2819,2,2,2,0,0,0,0,1.00071,0.999328,1.002096,0.005166,0.999645
DL_432,3185,7,7,7,7,7,7,7,1.436418,1.399954,1.474832,0.573794,1
DL_433,3983,6,6,6,6,6,6,6,1.379807,1.350568,1.41034,0.480288,1
DL_434,2121,10,11,10.071362,24.013084,11.470277,10.173365,22.469124,1.914434,1.842816,1.991845,0.898596,0.999057
DL_435,1582,2,2,2,2,2,2,2,1.005073,1.000148,1.010047,0.017926,1
DL_436,3748,5,5,5,0,6.854595,5.228514,20.051703,1.021109,1.014505,1.027799,0.071534,0.999733
DL_437,1335,1,1,1,1,0,0,0,1,1,1,0,1
DL_438,6849,2,2,2,2,2,2,2,1.001169,1.00003,1.00231,0.005013,1
DL_439,5441,4,4,4,0,5,4.195576,9.113106,1.006273,1.003309,1.009253,0.024504,0.999816
DL_44,6400,6,6,6,6,6,6,6,2.040471,2.026844,2.054282,0.765818,1
DL_440,1430,13,18,13.777869,45.13908,32.197411,19.836239,66.909847,1.967994,1.880608,2.063896,0.965645,0.996503
DL_441,4240,12,12,12,0,12.627519,12.053575,19.350075,2.290975,2.253646,2.329561,1.008085,0.999764
DL_442,3369,15,18,15.353191,40.481988,17.414292,15.332929,32.507674,1.60241,1.554567,1.653292,0.829149,0.99911
DL_443,3821,3,3,3,0,0,0,0,1.03462,1.026247,1.04313,0.089015,0.999738
DL_444,6780,4,4,4,4,4,4,4,1.041261,1.034364,1.048249,0.102667,1
DL_445,4469,9,9.75,9.066559,17.451092,12.625,9.600795,30.872074,1.025916,1.019207,1.032714,0.086955,0.999329
DL_446,2335,14,15,14.070554,28.173507,20.78,15.258978,50.512468,1.685879,1.617979,1.759728,1.031602,0.999143
DL_447,2011,22,23.5,22.149231,37.077277,24.375232,22.370178,37.240572,3.443505,3.250457,3.660931,1.753387,0.998508
DL_448,1689,6,6,6,0,0,0,0,2.054146,1.982088,2.131642,0.90373,0.999408
DL_449,7276,9,12,9.359347,34.045409,11.164375,9.280418,25.705504,1.013039,1.009323,1.016783,0.053013,0.999588
DL_45,7408,9,9,9,0,10.41983,9.183981,19.957216,2.043479,2.029821,2.057321,0.778976,0.999865
DL_450,2883,4,4,4,4,4,4,4,1.016841,1.010138,1.023633,0.0572,1
DL_451,2475,5,8,5.369122,29.382198,0,0,0,1.013032,1.006694,1.01945,0.05016,0.998788
DL_452,9223,3,3,3,3,3,3,3,1.010028,1.007146,1.012927,0.032591,1
DL_453,5597,2,2,2,2,0,0,0,1.014761,1.01027,1.019291,0.043313,1
DL_454,4331,6,7,6.073182,19.664578,9.30931,6.621131,23.631607,1.024394,1.01778,1.031095,0.080688,0.999538
DL_455,2541,12,18,12.946782,50.023526,22.739699,15.439543,45.533858,2.027572,1.956391,2.104129,0.974167,0.998426
DL_456,1732,8,8,8,0,9.111111,8.079763,23.477941,1.892587,1.807768,1.985757,0.967195,0.999423
DL_457,3608,9,24,12.306757,77.042495,137.267751,74.240634,261.18357,2.010884,2.000422,2.021456,0.7286,0.998337
DL_458,787,5,5.5,5.030262,13.261169,8,5.569395,20.806245,2.022514,2.002137,2.043311,0.739628,0.997459
DL_459,1824,8,11,8.39133,30.998494,18,9.070158,101.444114,2.076834,2.047621,2.106892,0.803273,0.997807
DL_46,8363,7,8,7.072542,20.78512,16.268519,9.281785,44.648355,1.206594,1.191357,1.222227,0.38527,0.999761
DL_460,4320,2,2,2,2,0,0,0,1.10195,1.088136,1.116118,0.194405,1
DL_461,6347,5,5,5,0,5.927083,5.075869,16.328505,1.080703,1.070575,1.091025,0.174736,0.999842
DL_462,3329,5,5,5,5,5,5,5,1.037461,1.028082,1.047013,0.105636,1
DL_463,4711,4,4,4,0,5.125,4.078959,20.028963,1.016714,1.011497,1.021985,0.052991,0.999788
DL_464,3009,3,3,3,0,0,0,0,1.018119,1.011335,1.024995,0.054513,0.999668
DL_465,10040,4,4,4,0,0,0,0,1.012846,1.009712,1.016,0.042917,0.9999
DL_466,1700,2,2,2,2,2,2,2,1.003538,0.999569,1.007538,0.013536,1
DL_467,4203,4,4,4,0,5.12,4.077391,20.208705,1.013432,1.008485,1.018427,0.045566,0.999762
DL_468,5402,3,4,3.077375,15.924098,0,0,0,1.000741,0.99972,1.001764,0.005773,0.99963
DL_469,27711,6,6,6,0,6.404444,6.029273,11.587892,1.001156,1.000592,1.00172,0.00615,0.999964
DL_47,4438,8,14,8.9584,45.5626,0,0,0,1.291767,1.266309,1.31827,0.474457,0.999099
DL_470,18032,8,9,8.072055,21.878333,9.410468,8.153155,20.989621,1.199849,1.190042,1.20982,0.317116,0.999889
DL_471,9354,6,7,6.073182,19.664578,7.877551,6.196924,23.901317,1.005364,1.003272,1.007465,0.022963,0.999786
DL_472,6134,3,3,3,3,3,3,3,1.004578,1.002194,1.006973,0.017617,1
DL_473,22811,9,9.5,9.030262,17.261169,10.354286,9.153177,20.973687,1.004839,1.003565,1.006115,0.021807,0.999912
DL_474,4476,5,5,5,0,5.642374,5.04641,13.891289,1.012616,1.007966,1.017309,0.046063,0.999777
DL_475,10791,4,5,4.075339,17.273425,13.564444,6.438217,41.518649,1.002041,1.000842,1.003244,0.009839,0.999815
DL_476,3229,4,4,4,4,4,4,4,1.034719,1.025584,1.044019,0.094179,1
DL_477,3213,3,4,3.077375,15.924098,0,0,0,1.001246,0.999531,1.002968,0.009193,0.999378
DL_478,4471,4,5,4.075339,17.273425,7.666667,4.359644,41.382606,1.00224,1.000289,1.004199,0.012669,0.999553
DL_479,2497,2,2,2,2,2,2,2,1.004014,1.000524,1.00753,0.014526,1
DL_48,6409,6,7,6.073182,19.664578,0,0,0,1.353108,1.328854,1.378264,0.544903,0.999688
DL_480,1632,2,2,2,2,2,2,2,1.002455,0.999081,1.005853,0.010725,1
DL_481,920,5,8,5.369122,29.382198,24.15102,10.466045,72.09817,1.017606,1.005543,1.029962,0.075478,0.996739
DL_482,1083,9,10,9.071671,22.952567,10.942857,9.196609,28.198978,1.708028,1.614954,1.812486,0.884156,0.998153
DL_483,1111,8,8,8,0,8.621094,8.045093,16.554721,3.295432,3.120772,3.490802,1.367583,0.9991
DL_484,2173,10,10.5,10.030262,18.261169,12.876111,10.550273,25.032563,2.420264,2.321582,2.527707,1.125711,0.99908
DL_485,6971,1,1,1,1,0,0,0,1,1,1,0,1
DL_486,6860,3,3,3,0,4,3.24225,7.127961,1.000875,0.999891,1.001862,0.005364,0.999854
DL_487,5663,1,1,1,1,0,0,0,1,1,1,0,1
DL_488,5266,7,8,7.072542,20.78512,9.111111,7.228103,26.53851,1.018458,1.013251,1.023718,0.066297,0.99962
DL_489,2215,1,1,1,1,0,0,0,1,1,1,0,1
DL_49,3200,4,4,4,4,0,0,0,1.263627,1.235277,1.293309,0.444718,1
DL_490,4534,3,3,3,3,3,3,3,1.009765,1.005708,1.013855,0.033979,1
DL_491,2603,6,6,6,0,7.801749,6.213424,21.210598,1.982745,1.935408,2.032456,0.811028,0.999616
DL_492,6212,5,5,5,0,5.6,5.096658,8.724465,1.005817,1.003145,1.008504,0.024222,0.999839
DL_493,7367,6,7,6.073182,19.664578,7.504649,6.165338,19.692958,1.004084,1.002029,1.006148,0.019437,0.999729
DL_494,5486,4,4,4,0,5.832031,4.222481,19.08596,1.02215,1.016567,1.027793,0.066546,0.999818
DL_495,3850,6,6.333333,6.018627,11.964957,8,6.689187,11.80394,1.009409,1.005088,1.013766,0.039025,0.999481
DL_496,4274,2,2,2,0,0,0,0,1.000468,0.999556,1.001382,0.003562,0.999766
DL_497,1021,4,4,4,0,4.6,4.102431,7.514563,1.011856,1.00247,1.021419,0.049682,0.999021
DL_498,3409,3,3,3,3,3,3,3,1.15903,1.139283,1.179473,0.272013,1
DL_499,2403,3,3,3,0,0,0,0,1.822744,1.784105,1.863094,0.648456,0.999584
DL_5,4855,7,8,7.072542,20.78512,10.666667,7.359333,44.414999,1.139658,1.123723,1.156051,0.301388,0.999588
DL_50,4113,3,4,3.077375,15.924098,0,0,0,1.000973,0.999633,1.002317,0.007372,0.999514
DL_500,3118,6,6,6,0,6.621094,6.045108,14.551932,1.463201,1.427004,1.501283,0.535209,0.999679
DL_501,3916,5,5,5,5,0,0,0,1.081389,1.068336,1.094766,0.1966,1
DL_502,4179,8,9,8.072055,21.878333,16.401361,9.885894,45.426746,1.175366,1.155717,1.195694,0.364248,0.999521
DL_503,2281,7,7.5,7.030262,15.261169,10,7.488286,25.431835,1.266067,1.233028,1.300925,0.44428,0.999123
DL_504,2979,8,9,8.072055,21.878333,9.495238,8.159933,21.979169,1.891275,1.850822,1.933537,0.750208,0.999329
DL_505,810,6,9,6.365788,30.604402,13.6,6.872673,72.187428,1.865807,1.797676,1.939305,0.712696,0.996296
DL_506,2812,6,7,6.073182,19.664578,7.713187,6.193776,21.146374,1.013642,1.007543,1.019815,0.053867,0.999289
DL_507,2758,3,3,3,3,0,0,0,1.022807,1.014818,1.030923,0.06941,1
DL_508,3591,4,4,4,0,5,4.195576,9.113106,1.009523,1.005026,1.014059,0.035051,0.999722
DL_509,4266,4,4,4,0,5.125,4.078959,20.028963,1.01038,1.006069,1.014728,0.037147,0.999766
DL_51,4207,3,3,3,0,4.12,3.077439,19.198584,1.002858,1.000586,1.005139,0.012857,0.999762
DL_510,1072,16,17.5,16.149231,31.077277,18.219378,16.317624,31.507754,3.782707,3.560471,4.034532,1.667852,0.997201
DL_511,840,16,31,19.275733,84.686926,64.73824,42.708331,104.93914,4.242629,3.938684,4.597405,1.784135,0.992857
DL_512,2035,26,26.333333,26.018627,31.964957,27.267542,26.154372,36.407701,4.930565,4.66899,5.223189,2.103219,0.999017
DL_513,1119,5,5,5,0,5.825073,5.067196,15.130736,1.068832,1.046769,1.091845,0.175264,0.999106
DL_514,1304,6,6.333333,6.018627,11.964957,8,6.689187,11.80394,1.063568,1.043986,1.083899,0.166977,0.998466
DL_515,2337,5,5,5,5,0,0,0,1.092461,1.074309,1.111237,0.227757,1
DL_516,5581,6,9,6.365788,30.604402,0,0,0,1.011555,1.00757,1.015571,0.044474,0.999462
DL_517,7731,8,11,8.361075,32.925579,11.979592,8.516429,38.666673,1.049052,1.041925,1.056277,0.136258,0.999612
DL_518,4575,9,9.5,9.030262,17.261169,9.969529,9.10431,18.011514,1.01636,1.011107,1.021669,0.064321,0.999563
DL_519,7880,23,23.75,23.066559,31.451092,25.566266,23.428504,38.369089,2.259278,2.201529,2.320139,1.264271,0.999619
DL_52,5965,4,5,4.075339,17.273425,12.401361,5.89606,41.226062,1.002687,1.000837,1.004545,0.013243,0.999665
DL_520,8859,11,12,11.071107,25.063365,11.914286,11.087807,20.519971,1.170242,1.157223,1.183558,0.326805,0.999774
DL_521,2223,6,6,6,6,6,6,6,1.055028,1.040947,1.069495,0.156758,1
DL_522,23085,13,13,13,13,13,13,13,1.189591,1.181019,1.198288,0.344283,1
DL_523,5525,10,10,10,0,10.526057,10.043747,16.325852,1.205827,1.187482,1.224749,0.375529,0.999819
DL_524,5176,2,2,2,2,0,0,0,1.01951,1.014134,1.024944,0.054433,1
DL_525,6063,2,2,2,2,2,2,2,1.001982,1.000406,1.003562,0.007852,1
DL_526,6112,3,3,3,0,4.125,3.079033,19.013799,1.001638,1.000211,1.003069,0.008124,0.999836
DL_527,4161,2,2,2,2,2,2,2,1.003854,1.001202,1.006519,0.013949,1
DL_528,5571,7,7,7,0,7.701389,7.052281,16.409709,1.786834,1.740867,1.835294,0.882214,0.99982
DL_529,2189,7,8,7.072542,20.78512,0,0,0,1.098466,1.078945,1.118707,0.257875,0.999086
DL_53,7813,5,5.5,5.030262,13.261169,10.508587,6.206824,30.144128,1.002821,1.001164,1.004484,0.014031,0.999744
DL_530,3180,5,8,5.369122,29.382198,0,0,0,1.155227,1.135089,1.176092,0.270807,0.999057
DL_531,12764,15,25,16.900214,67.62564,19.84375,15.898894,41.100882,1.291181,1.275825,1.30691,0.491945,0.999608
DL_532,6862,8,8.5,8.030262,16.261169,9.25,8.316121,12.94273,1.447622,1.423562,1.472509,0.518191,0.999709
DL_533,6823,7,7,7,0,7.568297,7.046337,13.969882,1.548944,1.523224,1.575547,0.560513,0.999853
DL_534,8182,2,2,2,2,0,0,0,1.222689,1.207375,1.238397,0.327974,1
DL_535,5009,4,4,4,4,4,4,4,1.615428,1.585148,1.646887,0.577102,1
DL_536,5781,5,5,5,0,5.825073,5.067196,15.130736,1.862592,1.838972,1.886826,0.66642,0.999827
DL_537,2254,2,2,2,2,0,0,0,1.993409,1.983485,2.003433,0.691272,1
DL_538,6244,3,3,3,0,0,0,0,2.000306,1.998128,2.002488,0.695296,0.99984
DL_539,5358,4,4,4,0,5.125,4.078959,20.028963,1.426171,1.399996,1.453342,0.48266,0.999813
DL_54,7170,11,12,11.093649,21.678164,19.614549,13.393851,42.000449,1.038667,1.032111,1.045308,0.128374,0.999582
DL_540,5027,4,4,4,4,4,4,4,1.544831,1.514455,1.57645,0.568616,1
DL_541,2643,4,4,4,0,5.111111,4.079997,19.432584,1.504157,1.464601,1.545908,0.529092,0.999622
DL_542,850,18,18.5,18.030262,26.261169,18.945381,18.105886,26.44065,4.789161,4.431629,5.209446,1.950499,0.997647
DL_543,1502,2,2,2,2,0,0,0,1.978848,1.958197,1.99994,0.687463,1
DL_544,4907,2,2,2,2,0,0,0,1.509172,1.480041,1.539474,0.520241,1
DL_545,2445,3,3,3,0,0,0,0,1.345016,1.310235,1.381695,0.429219,0.999591
DL_546,1435,2,2,2,2,0,0,0,1.697284,1.642286,1.756092,0.600805,1
DL_547,6425,4,4,4,0,0,0,0,1.537067,1.510607,1.56447,0.554708,0.999844
DL_548,3692,6,7.5,6.149231,21.077277,14.689666,8.117342,41.662786,1.005438,1.002089,1.00881,0.027776,0.999187
DL_549,3313,4,4,4,0,0,0,0,1.279267,1.251969,1.307781,0.400344,0.999698
DL_55,3220,7,8,7.072542,20.78512,16.803306,10.046744,38.543441,1.089317,1.074101,1.104969,0.227621,0.999379
DL_550,3260,2,2,2,2,0,0,0,1.012349,1.006979,1.017777,0.037366,1
DL_551,4331,2,2,2,2,0,0,0,1.013953,1.008994,1.018961,0.041345,1
DL_552,8377,4,5,4.075339,17.273425,0,0,0,1.008876,1.006032,1.011736,0.030938,0.999761
DL_553,1989,1,1,1,1,0,0,0,1,1,1,0,1
DL_554,4202,6,7,6.073182,19.664578,15.564444,8.43023,43.641949,1.026645,1.019613,1.033774,0.087884,0.999524
DL_555,1904,4,4,4,4,4,4,4,1.076966,1.058881,1.09568,0.186337,1
DL_556,3034,6,9,6.365788,30.604402,0,0,0,1.381547,1.347918,1.416897,0.487281,0.999011
DL_557,2309,2,2,2,2,0,0,0,1.061577,1.047134,1.076424,0.134335,1
DL_558,1690,3,3,3,3,3,3,3,1.046064,1.031536,1.061008,0.113442,1
DL_559,725,2,2,2,2,0,0,0,1.036557,1.017021,1.056858,0.089874,1
DL_56,1837,8,8.5,8.030262,16.261169,15.57769,10.169425,34.468479,2.314066,2.242091,2.390814,1.010681,0.998911
DL_560,1696,3,3,3,3,3,3,3,1.048369,1.033498,1.063675,0.117606,1
DL_561,650,8,8,8,8,8,8,8,1.27228,1.208261,1.343463,0.538507,1
DL_562,1214,17,17.5,17.030262,25.261169,18.038328,17.121593,25.866628,2.220105,2.07177,2.391318,1.388224,0.998353
DL_563,1096,14,17,14.353901,39.430851,16.558563,14.359683,32.200053,1.359078,1.298382,1.425727,0.723382,0.997263
DL_564,2907,6,6,6,0,6.54519,6.037881,13.84651,1.040223,1.029788,1.050873,0.119336,0.999656
DL_565,1133,3,3,3,0,4.125,3.079033,19.013799,1.008879,1.00118,1.016698,0.035382,0.999117
DL_566,1862,2,2,2,2,2,2,2,1.010805,1.004172,1.017526,0.033428,1
DL_567,350,2,2,2,2,2,2,2,1.011527,0.995879,1.027675,0.0398,1
DL_568,2072,7,13,7.962505,44.402388,60.957396,36.690748,105.057505,1.96196,1.929959,1.995039,0.727962,0.998069
DL_569,378,3,3,3,3,3,3,3,1.230792,1.159962,1.310834,0.366999,1
DL_57,4923,9,10,9.071671,22.952567,12.491372,9.671225,27.160352,1.547943,1.511392,1.586305,0.700996,0.999594
DL_570,2601,5,8,5.369122,29.382198,29.5175,13.484049,75.851528,1.008505,1.003516,1.013545,0.037485,0.998847
DL_571,5498,10,10.5,10.030262,18.261169,11.5671,10.187266,23.113956,1.822587,1.790651,1.855683,0.733715,0.999636
DL_572,2431,7,8.5,7.149231,22.077277,10.685714,7.489194,34.769111,1.114935,1.095283,1.135305,0.236217,0.998766
DL_573,6672,4,5,4.075339,17.273425,0,0,0,1.041617,1.034638,1.048691,0.103104,0.9997
DL_574,8114,5,5,5,0,5.825073,5.067196,15.130736,1.040517,1.034265,1.046846,0.103341,0.999877
DL_575,10438,4,4,4,0,5.801749,4.214195,19.155825,1.028587,1.023976,1.03324,0.077891,0.999904
DL_576,11764,8,11,8.39133,30.998494,14.24,8.943511,49.268852,1.026372,1.022203,1.030576,0.076101,0.99966
DL_577,7957,7,7,7,7,7,7,7,1.009613,1.00657,1.012675,0.037842,1
DL_578,5883,6,6,6,0,6.64197,6.050708,14.12749,1.010961,1.00718,1.01477,0.042435,0.99983
DL_579,7270,3,3,3,3,3,3,3,1.002204,1.000686,1.003727,0.009526,1
DL_58,7387,10,10,10,0,11.832031,10.220896,25.194211,1.392444,1.369277,1.416408,0.567881,0.999865
DL_580,5517,2,2,2,2,2,2,2,1.002178,1.000446,1.003915,0.008527,1
DL_581,5863,3,3,3,0,4,3.24225,7.127961,1.001024,0.999872,1.002179,0.006172,0.999829
DL_582,5956,5,5,5,0,0,0,0,1.098041,1.086233,1.110108,0.232204,0.999832
DL_583,8824,7,7,7,0,8.111111,7.0798,22.470803,1.118983,1.108127,1.130053,0.278405,0.999887
DL_584,8952,8,8.5,8.030262,16.261169,9.894444,8.220634,24.266361,1.101573,1.091789,1.111534,0.229761,0.999777
DL_585,7361,7,8,7.072542,20.78512,16.268519,9.281785,44.648355,1.126178,1.113949,1.138678,0.281119,0.999728
DL_586,3673,5,5,5,5,5,5,5,1.101183,1.086106,1.116685,0.21892,1
DL_587,9876,4,7,4.373525,28.094805,0,0,0,1.000608,0.999924,1.001293,0.005027,0.999696
DL_588,9315,6,9,6.365788,30.604402,10.131313,6.530471,38.174693,1.002581,1.001129,1.004038,0.013723,0.999678
DL_589,6234,2,2,2,2,2,2,2,1.000963,0.99988,1.002049,0.00435,1
DL_59,4917,7,7,7,7,7,7,7,1.344702,1.318704,1.371747,0.505536,1
DL_590,5532,7,10,7.39133,29.998494,13.24,7.943571,48.266219,1.003262,1.001143,1.005389,0.019803,0.999277
DL_591,8958,4,4,4,0,4.9375,4.078459,15.202082,1.002012,1.000705,1.003323,0.0098,0.999888
DL_592,8255,6,6,6,6,6,6,6,1.136163,1.124107,1.148481,0.287388,1
DL_593,7906,9,10,9.071671,22.952567,10.699443,9.195669,23.760148,1.086784,1.077177,1.096563,0.219728,0.999747
DL_594,4781,7,7,7,0,7.548828,7.041645,14.232891,1.0745,1.06317,1.086075,0.192588,0.999791
DL_595,15952,9,12,9.359347,34.045409,10.989255,9.25718,24.386646,1.025937,1.022382,1.029517,0.076131,0.999812
DL_596,10706,4,4,4,4,4,4,4,1.015824,1.012454,1.019216,0.048307,1
DL_597,6934,2,2,2,0,0,0,0,1.000289,0.999726,1.000851,0.002306,0.999856
DL_598,14271,3,3,3,3,3,3,3,1.001262,1.000442,1.002084,0.005772,1
DL_599,13925,8,8,8,8,8,8,8,1.329222,1.3146,1.344174,0.439306,1
DL_6,3469,19,19.5,19.030262,27.261169,20.026667,19.121891,27.647401,1.57159,1.524414,1.621779,0.887843,0.999423
DL_60,8262,12,12,12,12,12,12,12,1.435063,1.41181,1.459094,0.605747,1
DL_600,15351,2,2,2,2,0,0,0,1.118431,1.110445,1.126533,0.216064,1
DL_601,14583,7,7,7,0,7.31856,7.020308,11.997155,1.066196,1.060163,1.072298,0.149989,0.999931
DL_602,11132,6,6,6,0,6.571429,6.088578,9.686364,1.108117,1.099184,1.117196,0.208459,0.99991
DL_603,3028,6,6.333333,6.018627,11.964957,8,6.689187,11.80394,1.209332,1.185064,1.234614,0.332266,0.999339
DL_604,7690,6,6,6,0,6.451556,6.031543,12.464189,1.007057,1.004408,1.00972,0.029258,0.99987
DL_605,6132,6,6,6,0,0,0,0,1.017163,1.012509,1.02186,0.062156,0.999837
DL_606,5884,6,6,6,6,6,6,6,1.02875,1.022563,1.035011,0.091711,1
DL_607,10117,1,1,1,1,0,0,0,1,1,1,0,1
DL_608,11405,6,6,6,0,6.412109,6.029794,11.700227,1.002988,1.001575,1.004404,0.014292,0.999912
DL_609,8520,2,2,2,2,2,2,2,1.002115,1.000742,1.003492,0.008296,1
DL_61,8693,11,12,11.071107,25.063365,15.755656,11.991962,33.799527,1.981606,1.941451,2.023457,0.940506,0.99977
DL_610,8949,5,6,5.07406,18.502615,8.666667,5.359517,42.395897,1.004033,1.00218,1.005893,0.017761,0.999777
DL_611,10482,7,7,7,7,7,7,7,1.032351,1.027415,1.037335,0.102316,1
DL_612,8875,7,8,7.072542,20.78512,10.234317,7.57036,25.340716,1.021475,1.01714,1.025849,0.07202,0.999775
DL_613,6026,6,6,6,6,6,6,6,1.029456,1.023259,1.035727,0.095626,1
DL_614,10275,6,6,6,0,6.340278,6.020409,11.673296,1.008419,1.005913,1.010937,0.033537,0.999903
DL_615,10133,4,4,4,0,5.801749,4.214195,19.155825,1.005943,1.003827,1.008067,0.022839,0.999901
DL_616,7808,9,9.5,9.030262,17.261169,12,9.44813,29.083458,1.476418,1.451278,1.502445,0.618344,0.999744
DL_617,6074,10,10,10,10,10,10,10,1.788524,1.751966,1.82664,0.813258,1
DL_619,6827,22,23.5,22.180377,34.473897,24.65124,22.496619,36.153866,1.100246,1.088967,1.111761,0.293998,0.999414
DL_62,19841,12,12,12,0,12.520786,12.04092,18.627937,1.146813,1.138568,1.155179,0.341584,0.99995
DL_620,9363,8,8,8,8,8,8,8,1.019696,1.015653,1.023771,0.069431,1
DL_621,5955,9,9,9,0,9.242434,9.013914,13.224005,1.033686,1.026998,1.040463,0.11351,0.999832
DL_63,9958,8,8,8,0,8.544434,8.036039,16.224615,1.026175,1.021632,1.030757,0.090336,0.9999
DL_64,5776,4,5,4.075339,17.273425,7.666667,4.359644,41.382606,1.001734,1.000223,1.003248,0.010087,0.999654
DL_65,4002,8,9,8.072055,21.878333,10.355556,8.261698,29.202492,1.077664,1.065002,1.090631,0.205324,0.9995
DL_66,4170,7,8,7.072542,20.78512,8.959425,7.199601,26.235122,1.394754,1.365408,1.425391,0.5013,0.99952
DL_67,2165,8,14,8.9584,45.5626,0,0,0,1.670385,1.62113,1.722727,0.659813,0.998152
DL_68,2293,11,14,11.356675,36.233049,13.6176,11.401702,28.056993,1.780796,1.715806,1.850903,0.836892,0.998692
DL_69,3454,12,12,12,12,12,12,12,2.316199,2.242412,2.395008,1.089114,1
DL_7,1176,17,17,17,0,17.402559,17.031583,22.131067,5.208286,4.972998,5.466945,1.878442,0.99915
DL_70,7920,20,20.333333,20.018627,25.964957,21.553132,20.207401,31.630695,1.364071,1.341146,1.387793,0.661475,0.999747
DL_71,5019,6,7.5,6.149231,21.077277,9.685714,6.489265,33.76512,1.003196,1.000995,1.005406,0.018517,0.999402
DL_72,4937,6,9,6.39133,28.998494,16,7.126442,94.775079,1.002435,1.000499,1.004379,0.016578,0.99919
DL_73,4915,2,2,2,2,2,2,2,1.000814,0.999693,1.001938,0.004081,1
DL_74,3538,3,3,3,0,4,3.24225,7.127961,1.001698,0.999789,1.003614,0.009671,0.999717
DL_75,765,18,18,18,0,18.281484,18.018514,22.279686,6.310982,5.875277,6.816486,2.136038,0.998693
DL_76,1138,11,14,11.356675,36.233049,13.022222,11.262104,26.602116,2.165671,2.091031,2.245836,0.963204,0.997364
DL_77,2451,29,29.333333,29.018627,34.964957,29.666316,29.070668,35.282562,2.791984,2.66956,2.926177,1.569278,0.999184
DL_78,6034,9,12,9.359347,34.045409,13.453125,9.590955,42.556419,1.60186,1.567563,1.637692,0.710578,0.999503
DL_79,5800,7,7,7,7,7,7,7,1.407371,1.381307,1.434437,0.538837,1
DL_8,1420,14,14.25,14.013038,18.793627,16.759622,14.520818,28.622211,4.810767,4.631248,5.004764,1.732255,0.998592
DL_80,5341,6,7,6.073182,19.664578,9.666667,6.359415,43.406437,1.929769,1.905665,1.954491,0.716628,0.999626
DL_81,6796,7,7,7,7,7,7,7,2.025466,2.007744,2.043503,0.772011,1
DL_82,4237,9,9,9,0,9.93163,9.087556,18.91289,1.955675,1.921193,1.991418,0.796147,0.999764
DL_83,1168,9,9,9,0,9.796,9.071681,17.839402,1.407499,1.3448,1.476331,0.678566,0.999144
DL_84,4105,5,5,5,0,5.534185,5.035604,13.014578,1.028739,1.021366,1.036219,0.085582,0.999756
DL_85,4694,7,7,7,7,7,7,7,1.074203,1.062872,1.085779,0.182375,1
DL_86,4292,9,10,9.071671,22.952567,17.401361,10.884096,46.46245,2.166255,2.105928,2.230141,1.000172,0.999534
DL_87,2794,11,11.333333,11.018627,16.964957,12.946667,11.272742,24.894139,2.026373,1.997925,2.055643,0.792941,0.999284
DL_88,6677,9,9,9,0,9.43094,9.032882,14.647698,1.776303,1.749855,1.803563,0.668857,0.99985
DL_89,4422,9,9.5,9.030262,17.261169,10.654545,9.192577,23.21522,1.8404,1.809252,1.872639,0.698787,0.999548
DL_9,63086,18,23,18.777869,50.13908,22.43956,18.879049,40.421619,1.008352,1.007344,1.009363,0.034659,0.999921
DL_90,3783,3,3,3,3,0,0,0,1.915332,1.889493,1.941888,0.685604,1
DL_91,1858,5,8,5.369122,29.382198,0,0,0,1.25807,1.223678,1.294452,0.376673,0.998385
DL_92,3589,5,5,5,0,6,5.174723,10.723337,1.921372,1.894326,1.949202,0.698028,0.999721
DL_93,3471,3,3,3,0,0,0,0,1.180289,1.159414,1.201928,0.290155,0.999712
DL_94,6125,6,6,6,6,6,6,6,1.05689,1.048215,1.065711,0.159262,1
DL_95,7850,7,7,7,0,8,7.155168,13.444647,1.023037,1.018251,1.027868,0.080019,0.999873
DL_96,2737,5,5.5,5.030262,13.261169,8,5.569395,20.806245,1.019959,1.01248,1.027548,0.065916,0.999269
DL_97,2161,5,6,5.07406,18.502615,14.268519,7.288206,42.542706,1.025397,1.01587,1.035104,0.083361,0.999075
DL_98,3236,7,7,7,0,7.666667,7.113791,10.905797,1.045143,1.03463,1.055872,0.13187,0.999691
DL_99,3409,4,4,4,4,4,4,4,1.04652,1.036109,1.057143,0.128339,1
